month,division,line,period,num_passengers,additional_platform_time,additional_train_time,total_apt,total_att,over_five_mins,over_five_mins_perc,customer_journey_time
2024-01-01T00:00:00.000,A DIVISION,1,offpeak,4873143.5,1.656052,0.79665726,8070179.0,3882225.2,763100.9,0.15659314,0.84340686
2024-01-01T00:00:00.000,A DIVISION,1,peak,4765373.0,2.115036,0.8733,10078935.0,4161600.2,743524.6,0.15602654,0.84397346
2024-01-01T00:00:00.000,A DIVISION,2,offpeak,2878163.8,1.6068327,0.50131786,4624727.5,1442874.9,487204.1,0.16927601,0.830724
2024-01-01T00:00:00.000,A DIVISION,2,peak,3092725.5,2.0733223,0.5617463,6412216.5,1737327.1,460791.2,0.14899196,0.85100806
2024-01-01T00:00:00.000,A DIVISION,3,offpeak,2125353.8,1.2491903,0.3281006,2654971.2,697329.8,265963.7,0.12513857,0.8748614
2024-01-01T00:00:00.000,A DIVISION,3,peak,2370172.5,1.9034697,0.66395,4511551.5,1573676.2,332503.7,0.1402867,0.8597133
2024-01-01T00:00:00.000,A DIVISION,4,offpeak,3855279.0,1.0047743,0.5557668,3873685.8,2142636.2,546062.4,0.14164017,0.8583598
2024-01-01T00:00:00.000,A DIVISION,4,peak,3750492.0,1.0972669,0.5364009,4115290.8,2011767.4,501194.5,0.13363433,0.8663657
2024-01-01T00:00:00.000,A DIVISION,5,offpeak,2693817.8,1.2443892,0.679191,3352157.8,1829616.6,398769.2,0.14803125,0.85196877
2024-01-01T00:00:00.000,A DIVISION,5,peak,3242436.8,1.298453,0.41970527,4210151.5,1360867.9,428431.9,0.1321327,0.8678673
2024-01-01T00:00:00.000,A DIVISION,6,offpeak,5560864.5,1.1081071,0.5687457,6162033.5,3162717.8,668963.1,0.12029839,0.8797016
2024-01-01T00:00:00.000,A DIVISION,6,peak,5614813.5,1.2370402,0.77509737,6945750.0,4352027.0,724453.8,0.12902544,0.87097454
2024-01-01T00:00:00.000,A DIVISION,7,offpeak,3763887.5,1.3504808,0.6771399,5083058.0,2548678.5,557695.2,0.14817,0.85183
2024-01-01T00:00:00.000,A DIVISION,7,peak,3900784.8,2.1150193,0.72821695,8250235.0,2840617.5,480936.9,0.12329234,0.8767077
2024-01-01T00:00:00.000,A DIVISION,S 42nd,offpeak,403510.8,0.66231287,-0.102710135,267250.38,-41444.65,14073.9,0.03487862,0.9651214
2024-01-01T00:00:00.000,A DIVISION,S 42nd,peak,436755.0,0.6600488,-0.12289166,288279.62,-53673.543,10829.6,0.024795596,0.9752044
2024-01-01T00:00:00.000,B DIVISION,A,offpeak,3645535.0,1.3620256,0.92172766,4965312.0,3360190.2,795530.3,0.21822046,0.7817795
2024-01-01T00:00:00.000,B DIVISION,A,peak,4221051.5,1.1564931,0.6591952,4881616.5,2782496.8,700556.1,0.1659672,0.8340328
2024-01-01T00:00:00.000,B DIVISION,B,offpeak,2042780.5,2.18928,1.1549352,4472218.5,2359279.0,512794.1,0.2510275,0.7489725
2024-01-01T00:00:00.000,B DIVISION,B,peak,2827185.2,1.8714374,1.3293455,5290900.0,3758305.8,722645.7,0.25560609,0.74439394
2024-01-01T00:00:00.000,B DIVISION,C,offpeak,2567641.5,1.5253918,0.5937825,3916659.5,1524620.6,457981.9,0.17836675,0.8216332
2024-01-01T00:00:00.000,B DIVISION,C,peak,1980860.2,1.5475147,0.35739866,3065410.2,707956.8,332114.9,0.16766196,0.83233804
2024-01-01T00:00:00.000,B DIVISION,D,offpeak,3080210.0,1.8675319,0.8604837,5752390.5,2650470.5,776987.6,0.2522515,0.7477485
2024-01-01T00:00:00.000,B DIVISION,D,peak,2731725.8,1.5403761,0.81380045,4207885.0,2223079.8,569074.5,0.2083205,0.7916795
2024-01-01T00:00:00.000,B DIVISION,E,offpeak,3319477.5,1.2154408,1.0245115,4034628.2,3400842.8,630410.9,0.18991269,0.8100873
2024-01-01T00:00:00.000,B DIVISION,E,peak,3371860.5,0.94321644,-0.001061301,3180394.2,-3578.5588,365031.0,0.10825804,0.891742
2024-01-01T00:00:00.000,B DIVISION,F,offpeak,4496697.5,1.9507273,0.78187066,8771831.0,3515835.8,1103008.4,0.24529299,0.754707
2024-01-01T00:00:00.000,B DIVISION,F,peak,4730919.5,1.6218216,0.32620883,7672707.5,1543267.8,869630.7,0.18381853,0.8161815
2024-01-01T00:00:00.000,B DIVISION,G,offpeak,1267410.4,0.711206,0.8211039,901389.94,1040675.6,174031.4,0.13731259,0.8626874
2024-01-01T00:00:00.000,B DIVISION,G,peak,1386073.0,0.759011,0.65175694,1052044.6,903382.75,199503.8,0.14393455,0.85606545
2024-01-01T00:00:00.000,B DIVISION,JZ,offpeak,1300614.2,1.6726298,0.6338508,2175446.2,824395.44,271129.7,0.2084628,0.7915372
2024-01-01T00:00:00.000,B DIVISION,JZ,peak,1389249.4,1.3505808,0.48101896,1876293.6,668255.3,241466.9,0.17381105,0.8261889
2024-01-01T00:00:00.000,B DIVISION,L,offpeak,2713766.8,0.8732794,0.5110845,2369876.8,1386964.2,238091.8,0.0877348,0.9122652
2024-01-01T00:00:00.000,B DIVISION,L,peak,2617951.5,1.0352889,0.5408813,2710336.5,1416001.0,223213.0,0.08526246,0.9147375
2024-01-01T00:00:00.000,B DIVISION,M,offpeak,1036764.0,1.5265555,0.07713666,1582677.8,79972.516,164467.0,0.15863495,0.84136504
2024-01-01T00:00:00.000,B DIVISION,M,peak,1035577.3,1.3188179,0.23159899,1365737.9,239838.66,167159.1,0.16141634,0.83858365
2024-01-01T00:00:00.000,B DIVISION,N,offpeak,2614879.0,1.6676645,0.91992176,4360741.0,2405484.2,558180.7,0.21346329,0.7865367
2024-01-01T00:00:00.000,B DIVISION,N,peak,2679017.2,1.5230294,0.70341223,4080222.0,1884453.5,491665.8,0.18352468,0.81647533
2024-01-01T00:00:00.000,B DIVISION,Q,offpeak,3274836.2,1.5432885,0.6846408,5054017.0,2242086.8,704038.5,0.21498433,0.78501564
2024-01-01T00:00:00.000,B DIVISION,Q,peak,3219529.2,1.6545821,0.9274291,5326975.5,2985885.0,724289.4,0.22496748,0.7750325
2024-01-01T00:00:00.000,B DIVISION,R,offpeak,3755709.0,1.8473359,0.23839206,6938056.0,895331.1,834986.0,0.22232448,0.7776755
2024-01-01T00:00:00.000,B DIVISION,R,peak,4316386.0,1.4789358,0.103731334,6383657.5,447744.47,735365.3,0.17036597,0.829634
2024-01-01T00:00:00.000,B DIVISION,S Fkln,offpeak,187334.4,0.4773645,0.021663457,89426.8,4058.3108,5685.4,0.030348938,0.96965104
2024-01-01T00:00:00.000,B DIVISION,S Fkln,peak,184188.4,0.45723486,0.0047921315,84217.36,882.6551,5360.7,0.029104438,0.9708956
2024-01-01T00:00:00.000,B DIVISION,S Rock,offpeak,26030.4,0.68915594,-0.889155,17939.006,-23145.06,2137.8,0.08212705,0.91787297
2024-01-01T00:00:00.000,B DIVISION,S Rock,peak,17762.8,0.58197397,-1.2152113,10337.487,-21585.555,1527.6,0.08599996,0.91400003
2024-01-01T00:00:00.000,B DIVISION,W,offpeak,1477979.8,1.0090553,0.36781713,1491363.1,543626.25,195955.0,0.132583,0.867417
2024-01-01T00:00:00.000,B DIVISION,W,peak,1421361.2,0.99969053,0.2275001,1420921.4,323359.84,138601.2,0.097513,0.902487
2024-02-01T00:00:00.000,A DIVISION,1,offpeak,3867551.0,1.0853374,0.68345267,4197598.0,2643288.2,484512.9,0.1252764,0.8747236
2024-02-01T00:00:00.000,A DIVISION,1,peak,4363445.5,1.4432973,0.5950863,6297749.0,2596626.5,463635.2,0.106254384,0.8937456
2024-02-01T00:00:00.000,A DIVISION,2,offpeak,2336734.5,1.5226524,0.61349446,3558034.5,1433573.8,416612.5,0.17828834,0.82171166
2024-02-01T00:00:00.000,A DIVISION,2,peak,2815864.8,1.202949,0.29503614,3387341.5,830781.8,361184.5,0.1282677,0.8717323
2024-02-01T00:00:00.000,A DIVISION,3,offpeak,1726217.0,0.923262,0.26484317,1593750.5,457176.78,208555.9,0.12081674,0.8791833
2024-02-01T00:00:00.000,A DIVISION,3,peak,2145013.0,0.91016,0.22499792,1952305.1,482623.5,212584.9,0.09910657,0.90089345
2024-02-01T00:00:00.000,A DIVISION,4,offpeak,3079778.5,0.97593576,0.39795426,3005666.0,1225611.0,425179.5,0.13805522,0.8619448
2024-02-01T00:00:00.000,A DIVISION,4,peak,3286224.5,0.94165415,0.41899285,3094486.8,1376904.5,373671.8,0.11370855,0.88629144
2024-02-01T00:00:00.000,A DIVISION,5,offpeak,2144262.0,1.3334861,0.637401,2859343.5,1366754.8,311737.6,0.14538224,0.8546178
2024-02-01T00:00:00.000,A DIVISION,5,peak,2915816.5,1.0082685,0.20459516,2939926.0,596562.0,325533.6,0.11164406,0.8883559
2024-02-01T00:00:00.000,A DIVISION,6,offpeak,4195042.5,1.177265,0.6647507,4938677.5,2788657.8,566919.7,0.13514039,0.86485964
2024-02-01T00:00:00.000,A DIVISION,6,peak,4748238.5,1.2934672,0.8307109,6141691.0,3944413.8,663550.5,0.13974667,0.86025333
2024-02-01T00:00:00.000,A DIVISION,7,offpeak,2979932.8,0.8864109,0.42178413,2641444.8,1256888.2,328874.5,0.110363066,0.88963693
2024-02-01T00:00:00.000,A DIVISION,7,peak,3446606.8,0.7180291,0.3202063,2474764.0,1103625.2,216991.5,0.06295801,0.937042
2024-02-01T00:00:00.000,A DIVISION,S 42nd,offpeak,300478.2,0.94218934,-0.09234064,283107.34,-27746.348,8676.1,0.028874308,0.97112566
2024-02-01T00:00:00.000,A DIVISION,S 42nd,peak,394289.0,0.44164392,-0.108576596,174135.34,-42810.56,1976.5,0.0050128205,0.9949872
2024-02-01T00:00:00.000,B DIVISION,A,offpeak,2916439.5,1.3361737,0.76911104,3896869.5,2243065.8,623081.0,0.21364442,0.78635556
2024-02-01T00:00:00.000,B DIVISION,A,peak,3725892.5,1.2322639,0.6355996,4591283.0,2368176.0,594039.4,0.15943547,0.84056455
2024-02-01T00:00:00.000,B DIVISION,B,offpeak,1434153.6,1.9743688,1.0961117,2831548.2,1571992.4,343219.5,0.2393185,0.7606815
2024-02-01T00:00:00.000,B DIVISION,B,peak,2295896.2,1.669371,0.98262095,3832702.5,2255995.8,526891.3,0.22949265,0.77050734
2024-02-01T00:00:00.000,B DIVISION,C,offpeak,2029466.1,1.5433875,0.4957389,3132252.8,1006085.3,345434.9,0.17020974,0.82979023
2024-02-01T00:00:00.000,B DIVISION,C,peak,1812082.4,1.8134493,0.3772543,3286119.5,683615.9,308686.0,0.17034876,0.82965124
2024-02-01T00:00:00.000,B DIVISION,D,offpeak,2388453.2,1.8937973,0.8870564,4523246.0,2118692.8,624139.0,0.26131514,0.73868483
2024-02-01T00:00:00.000,B DIVISION,D,peak,2378968.5,1.5341706,0.8273832,3649743.2,1968318.5,515375.3,0.21663815,0.78336185
2024-02-01T00:00:00.000,B DIVISION,E,offpeak,2597457.5,1.2613977,1.128922,3276426.8,2932326.8,537819.3,0.20705606,0.79294395
2024-02-01T00:00:00.000,B DIVISION,E,peak,2993361.2,1.5078723,0.30703676,4513606.5,919071.94,456572.3,0.1525283,0.8474717
2024-02-01T00:00:00.000,B DIVISION,F,offpeak,3413610.2,2.1430957,0.8611252,7315693.5,2939545.8,934204.1,0.2736704,0.7263296
2024-02-01T00:00:00.000,B DIVISION,F,peak,4058810.5,2.1625085,0.4979738,8777212.0,2021181.4,838005.3,0.20646574,0.7935343
2024-02-01T00:00:00.000,B DIVISION,G,offpeak,1089410.8,1.1863219,0.957557,1292391.8,1043172.9,201839.4,0.18527393,0.81472605
2024-02-01T00:00:00.000,B DIVISION,G,peak,1286429.8,1.5446262,0.76455194,1987053.1,983542.3,264047.5,0.20525607,0.79474396
2024-02-01T00:00:00.000,B DIVISION,JZ,offpeak,1048283.2,1.4008555,0.56622934,1468493.4,593568.75,209553.3,0.19990142,0.8000986
2024-02-01T00:00:00.000,B DIVISION,JZ,peak,1156399.5,1.2055604,0.5027642,1394109.6,581396.3,196674.6,0.17007495,0.82992506
2024-02-01T00:00:00.000,B DIVISION,L,offpeak,2169619.0,0.84678835,0.5369957,1837208.1,1165076.1,201141.3,0.09270812,0.9072919
2024-02-01T00:00:00.000,B DIVISION,L,peak,2290134.0,0.82472837,0.52033734,1888738.5,1191642.4,184231.5,0.08044573,0.9195543
2024-02-01T00:00:00.000,B DIVISION,M,offpeak,691490.6,1.4124751,0.03757752,976713.3,25984.504,114685.0,0.16585186,0.83414817
2024-02-01T00:00:00.000,B DIVISION,M,peak,753468.06,1.510372,0.23509994,1138017.1,177140.3,136640.7,0.18134902,0.81865096
2024-02-01T00:00:00.000,B DIVISION,N,offpeak,2031676.0,1.5860691,0.7503795,3222378.5,1524528.0,408670.0,0.2011492,0.7988508
2024-02-01T00:00:00.000,B DIVISION,N,peak,2319955.2,1.5781602,0.75461423,3661261.0,1750671.1,423220.6,0.1824262,0.8175738
2024-02-01T00:00:00.000,B DIVISION,Q,offpeak,2503881.0,1.360885,0.51376563,3407494.0,1286408.0,480085.9,0.19173671,0.8082633
2024-02-01T00:00:00.000,B DIVISION,Q,peak,2762358.0,1.3890101,0.7030613,3836942.8,1942106.9,554318.3,0.20066853,0.7993315
2024-02-01T00:00:00.000,B DIVISION,R,offpeak,2953706.5,2.0409617,0.16243994,6028402.0,479799.9,694806.2,0.23523197,0.764768
2024-02-01T00:00:00.000,B DIVISION,R,peak,3751540.0,1.672832,0.0583833,6275696.0,219027.28,692196.2,0.18450989,0.8154901
2024-02-01T00:00:00.000,B DIVISION,S Fkln,offpeak,154429.6,0.54535395,0.06719561,84218.8,10376.991,4711.7,0.030510342,0.96948963
2024-02-01T00:00:00.000,B DIVISION,S Fkln,peak,151716.1,0.32192242,0.0659101,48840.816,9999.624,2695.2,0.01776476,0.98223525
2024-02-01T00:00:00.000,B DIVISION,S Rock,offpeak,22423.6,0.5546524,-1.2009424,12437.304,-26929.453,1673.9,0.07464903,0.92535096
2024-02-01T00:00:00.000,B DIVISION,S Rock,peak,16473.3,0.5079836,-1.1952616,8368.166,-19689.902,1306.6,0.07931623,0.9206838
2024-02-01T00:00:00.000,B DIVISION,W,offpeak,1048831.6,1.1117465,0.34833553,1166034.9,365345.3,145099.3,0.13834375,0.86165625
2024-02-01T00:00:00.000,B DIVISION,W,peak,1191309.0,1.3397795,0.23336105,1596091.4,278005.12,132813.1,0.11148501,0.888515
2024-03-01T00:00:00.000,A DIVISION,1,offpeak,3474451.2,1.016985,0.7020681,3533465.0,2439301.5,430156.6,0.12380562,0.87619436
2024-03-01T00:00:00.000,A DIVISION,1,peak,3775813.2,1.1845832,0.64267576,4472764.5,2426623.5,453406.8,0.120081894,0.8799181
2024-03-01T00:00:00.000,A DIVISION,2,offpeak,2864859.0,1.3096981,0.6139954,3752100.5,1759010.1,498044.8,0.17384619,0.8261538
2024-03-01T00:00:00.000,A DIVISION,2,peak,3312437.2,1.0905586,0.302894,3612407.0,1003317.4,390890.0,0.118006766,0.88199323
2024-03-01T00:00:00.000,A DIVISION,3,offpeak,2151962.0,0.938464,0.38574964,2019538.8,830118.56,271962.9,0.12637904,0.8736209
2024-03-01T00:00:00.000,A DIVISION,3,peak,2534521.8,0.8464304,0.31388405,2145296.2,795546.0,247333.8,0.09758598,0.902414
2024-03-01T00:00:00.000,A DIVISION,4,offpeak,3791531.0,1.1262856,0.5981709,4270346.5,2267983.5,567935.0,0.1497904,0.8502096
2024-03-01T00:00:00.000,A DIVISION,4,peak,3884511.8,1.0818566,0.7455222,4202485.0,2895989.8,552172.5,0.1421472,0.8578528
2024-03-01T00:00:00.000,A DIVISION,5,offpeak,2653561.5,1.3673704,0.7731182,3628401.2,2051516.6,424700.7,0.16004932,0.8399507
2024-03-01T00:00:00.000,A DIVISION,5,peak,3381167.2,1.1398666,0.58138895,3854079.5,1965773.1,467132.5,0.13815717,0.8618428
2024-03-01T00:00:00.000,A DIVISION,6,offpeak,5298554.0,1.6328495,0.85781807,8651741.0,4545195.5,883763.5,0.16679333,0.83320665
2024-03-01T00:00:00.000,A DIVISION,6,peak,5690562.0,1.7577068,1.1040359,10002340.0,6282584.5,1001136.5,0.17592928,0.82407075
2024-03-01T00:00:00.000,A DIVISION,7,offpeak,3644300.0,0.9247906,0.45099047,3370214.5,1643544.6,392268.5,0.10763891,0.8923611
2024-03-01T00:00:00.000,A DIVISION,7,peak,4060673.2,0.76334536,0.41970065,3099696.0,1704267.2,307897.9,0.07582434,0.9241757
2024-03-01T00:00:00.000,A DIVISION,S 42nd,offpeak,354165.0,0.5446046,-0.09268094,192879.89,-32824.344,8174.4,0.023080768,0.97691923
2024-03-01T00:00:00.000,A DIVISION,S 42nd,peak,430642.8,0.3637948,-0.11332342,156665.61,-48801.914,555.89996,0.0012908609,0.99870914
2024-03-01T00:00:00.000,B DIVISION,A,offpeak,3608879.8,1.3798599,1.0074414,4979748.5,3635735.0,814856.2,0.225792,0.774208
2024-03-01T00:00:00.000,B DIVISION,A,peak,4381627.5,1.3473891,0.948342,5903757.5,4155281.8,776463.8,0.17720899,0.822791
2024-03-01T00:00:00.000,B DIVISION,B,offpeak,1909383.2,2.359921,1.3580548,4505994.0,2593047.2,497598.2,0.26060677,0.73939323
2024-03-01T00:00:00.000,B DIVISION,B,peak,2776521.0,2.2519896,1.2004329,6252696.5,3333027.0,689832.3,0.24845204,0.751548
2024-03-01T00:00:00.000,B DIVISION,C,offpeak,2494631.5,1.6221467,0.73792994,4046658.5,1840863.2,496200.5,0.19890733,0.8010927
2024-03-01T00:00:00.000,B DIVISION,C,peak,2117244.0,1.8682085,0.5438794,3955453.2,1151525.4,373503.8,0.17641038,0.8235896
2024-03-01T00:00:00.000,B DIVISION,D,offpeak,2988227.5,1.750224,0.9281071,5230067.5,2773395.0,747985.0,0.2503106,0.7496894
2024-03-01T00:00:00.000,B DIVISION,D,peak,2839787.2,1.3949383,0.72216266,3961328.0,2050788.2,569810.8,0.20065264,0.79934734
2024-03-01T00:00:00.000,B DIVISION,E,offpeak,3103008.0,1.1615956,0.99373883,3604440.2,3083579.5,599021.7,0.1930455,0.8069545
2024-03-01T00:00:00.000,B DIVISION,E,peak,3424375.5,1.095153,-0.19858,3750215.0,-680012.44,379909.2,0.110942625,0.8890574
2024-03-01T00:00:00.000,B DIVISION,F,offpeak,4132238.5,1.8558074,0.84653133,7668639.0,3498069.5,1011411.2,0.2447611,0.7552389
2024-03-01T00:00:00.000,B DIVISION,F,peak,4734643.0,1.5915221,0.1238368,7535289.0,586323.06,778449.8,0.16441573,0.8355843
2024-03-01T00:00:00.000,B DIVISION,G,offpeak,1242653.5,1.3974378,1.1196446,1736531.0,1391330.4,245450.6,0.19752136,0.8024787
2024-03-01T00:00:00.000,B DIVISION,G,peak,1454722.8,1.4160726,0.8169065,2059993.0,1188372.5,282249.8,0.19402309,0.8059769
2024-03-01T00:00:00.000,B DIVISION,JZ,offpeak,1343189.0,1.3689053,0.6837075,1838698.5,918348.4,268067.7,0.19957556,0.80042446
2024-03-01T00:00:00.000,B DIVISION,JZ,peak,1434371.1,1.4891803,0.56936866,2136037.2,816685.94,255440.8,0.17808557,0.82191443
2024-03-01T00:00:00.000,B DIVISION,L,offpeak,2614772.5,0.8537384,0.5916814,2232331.8,1547112.4,244410.2,0.09347284,0.90652716
2024-03-01T00:00:00.000,B DIVISION,L,peak,2680998.5,0.8159305,0.42379662,2187508.5,1136198.1,178752.2,0.06667374,0.93332624
2024-03-01T00:00:00.000,B DIVISION,M,offpeak,983699.8,1.3663532,0.13864651,1344081.4,136386.55,149622.2,0.15210149,0.84789854
2024-03-01T00:00:00.000,B DIVISION,M,peak,1030314.2,1.3233278,0.21145083,1363443.5,217860.8,160798.8,0.15606773,0.8439323
2024-03-01T00:00:00.000,B DIVISION,N,offpeak,2490139.5,1.4187907,0.69083095,3532986.8,1720265.4,480511.9,0.19296587,0.80703413
2024-03-01T00:00:00.000,B DIVISION,N,peak,2759567.8,1.2602652,0.43537068,3477787.2,1201434.9,434055.1,0.15729097,0.842709
2024-03-01T00:00:00.000,B DIVISION,Q,offpeak,3160972.8,2.0793598,0.8840165,6572799.5,2794352.2,707532.9,0.2238339,0.7761661
2024-03-01T00:00:00.000,B DIVISION,Q,peak,3320362.2,1.4956973,0.7954842,4966257.0,2641295.8,684023.3,0.20600863,0.7939914
2024-03-01T00:00:00.000,B DIVISION,R,offpeak,3589638.2,1.7743407,0.11255975,6369241.5,404048.78,783294.1,0.21820976,0.78179026
2024-03-01T00:00:00.000,B DIVISION,R,peak,4367676.0,1.5101626,0.04991076,6595901.0,217994.05,734803.7,0.16823676,0.8317632
2024-03-01T00:00:00.000,B DIVISION,S Fkln,offpeak,191074.8,0.6932698,0.06421188,132466.39,12269.272,8628.1,0.045155615,0.9548444
2024-03-01T00:00:00.000,B DIVISION,S Fkln,peak,186425.4,0.4189305,0.062276933,78099.29,11610.002,5436.6,0.029162334,0.97083765
2024-03-01T00:00:00.000,B DIVISION,S Rock,offpeak,27325.8,0.86805296,-1.0266932,23720.242,-28055.213,2768.4,0.10131085,0.89868915
2024-03-01T00:00:00.000,B DIVISION,S Rock,peak,19397.7,0.9117395,-1.1187457,17685.65,-21701.092,1892.2,0.09754764,0.90245235
2024-03-01T00:00:00.000,B DIVISION,W,offpeak,1317861.5,0.84546846,0.20497409,1114210.2,270127.44,141839.7,0.10762869,0.8923713
2024-03-01T00:00:00.000,B DIVISION,W,peak,1411954.4,0.91722757,0.0067086155,1295083.5,9472.259,114925.2,0.08139441,0.91860557
2024-04-01T00:00:00.000,A DIVISION,1,offpeak,4778890.0,1.172427,0.85903805,5602899.5,4105248.2,648714.1,0.13574578,0.86425424
2024-04-01T00:00:00.000,A DIVISION,1,peak,5037462.5,1.8613563,0.7763932,9376512.0,3911051.5,614847.7,0.12205504,0.87794495
2024-04-01T00:00:00.000,A DIVISION,2,offpeak,3173538.5,1.7943944,0.7638495,5694579.5,2424105.8,608830.6,0.19184598,0.808154
2024-04-01T00:00:00.000,A DIVISION,2,peak,3621922.5,1.6477817,0.42282528,5968138.0,1531440.2,494250.6,0.13646084,0.86353916
2024-04-01T00:00:00.000,A DIVISION,3,offpeak,2368340.0,1.2587826,0.54100263,2981225.2,1281278.2,331737.1,0.14007157,0.8599284
2024-04-01T00:00:00.000,A DIVISION,3,peak,2736198.2,1.6177349,0.51414025,4426443.5,1406789.5,334268.1,0.122165166,0.87783486
2024-04-01T00:00:00.000,A DIVISION,4,offpeak,4225165.0,1.0101317,0.4433622,4267973.0,1873278.4,569347.4,0.13475153,0.8652485
2024-04-01T00:00:00.000,A DIVISION,4,peak,4307078.0,0.8742468,0.3714742,3765448.8,1599968.2,482636.5,0.1120566,0.8879434
2024-04-01T00:00:00.000,A DIVISION,5,offpeak,2770411.2,1.16651,0.56326365,3231712.5,1560471.9,399975.2,0.14437395,0.85562605
2024-04-01T00:00:00.000,A DIVISION,5,peak,3566468.2,0.8830449,0.27153435,3149351.8,968418.6,399482.3,0.11201061,0.8879894
2024-04-01T00:00:00.000,A DIVISION,6,offpeak,5763105.5,1.1178297,0.61272156,6442170.5,3531178.8,653649.2,0.113419615,0.8865804
2024-04-01T00:00:00.000,A DIVISION,6,peak,6121126.0,1.1598333,0.7030762,7099485.5,4303617.5,749164.9,0.12239005,0.87760997
2024-04-01T00:00:00.000,A DIVISION,7,offpeak,4024156.8,1.1093979,0.735471,4464391.0,2959650.8,547605.3,0.13607952,0.8639205
2024-04-01T00:00:00.000,A DIVISION,7,peak,4391726.0,1.160038,0.65019536,5094569.0,2855479.8,457925.0,0.104269944,0.8957301
2024-04-01T00:00:00.000,A DIVISION,S 42nd,offpeak,383233.4,1.2429183,-0.10081121,476327.78,-38634.223,11647.8,0.030393489,0.9696065
2024-04-01T00:00:00.000,A DIVISION,S 42nd,peak,446463.6,0.41325635,-0.115604796,184503.92,-51613.332,1757.7001,0.003936939,0.99606305
2024-04-01T00:00:00.000,B DIVISION,A,offpeak,3951084.5,1.261254,0.8018674,4983321.0,3168246.0,830636.9,0.2102301,0.7897699
2024-04-01T00:00:00.000,B DIVISION,A,peak,4809296.5,1.0278316,0.5196898,4943146.5,2499342.2,743933.3,0.15468651,0.8453135
2024-04-01T00:00:00.000,B DIVISION,B,offpeak,2138593.0,1.782798,0.9208527,3812679.5,1969329.2,511935.8,0.23937972,0.7606203
2024-04-01T00:00:00.000,B DIVISION,B,peak,3153788.2,1.6835645,0.9905468,5309606.0,3123975.0,701169.2,0.22232603,0.77767396
2024-04-01T00:00:00.000,B DIVISION,C,offpeak,2849547.2,1.4961426,0.5566109,4263329.0,1586089.0,479780.6,0.16837081,0.83162916
2024-04-01T00:00:00.000,B DIVISION,C,peak,2298564.0,1.5567787,0.3824876,3578355.2,879172.2,364966.1,0.15878005,0.84121996
2024-04-01T00:00:00.000,B DIVISION,D,offpeak,3325709.8,1.5372307,0.8381158,5112383.0,2787329.8,755858.8,0.22727744,0.77272254
2024-04-01T00:00:00.000,B DIVISION,D,peak,3025357.8,1.2678758,0.76477516,3835778.0,2313718.5,586145.0,0.19374402,0.806256
2024-04-01T00:00:00.000,B DIVISION,E,offpeak,3768039.2,1.0472536,0.873793,3946092.8,3292486.5,671136.4,0.1781129,0.8218871
2024-04-01T00:00:00.000,B DIVISION,E,peak,4388536.0,0.92005706,-0.15778323,4037703.2,-692437.3,484676.2,0.11044144,0.88955855
2024-04-01T00:00:00.000,B DIVISION,F,offpeak,3806889.5,1.3737487,0.53254646,5229709.5,2027345.5,764695.1,0.20087136,0.79912865
2024-04-01T00:00:00.000,B DIVISION,F,peak,4164172.0,1.11391,-0.20362222,4638512.5,-847917.94,538246.2,0.12925647,0.8707435
2024-04-01T00:00:00.000,B DIVISION,G,offpeak,1393450.9,1.2298514,0.94455224,1713737.5,1316187.1,247076.9,0.17731296,0.82268703
2024-04-01T00:00:00.000,B DIVISION,G,peak,1558807.4,1.2205312,0.6095084,1902573.1,950106.25,312185.7,0.20027214,0.79972786
2024-04-01T00:00:00.000,B DIVISION,JZ,offpeak,1482965.8,1.3891093,0.773279,2060001.4,1146746.2,299121.7,0.20170507,0.7982949
2024-04-01T00:00:00.000,B DIVISION,JZ,peak,1560058.2,1.2201574,0.61990345,1903516.5,967085.44,283694.7,0.1818488,0.81815124
2024-04-01T00:00:00.000,B DIVISION,L,offpeak,2855001.8,1.3213791,0.7719058,3772539.2,2203792.2,331412.1,0.11608123,0.88391876
2024-04-01T00:00:00.000,B DIVISION,L,peak,2865513.2,1.1060641,0.78082997,3169441.0,2237478.5,240531.4,0.08394008,0.9160599
2024-04-01T00:00:00.000,B DIVISION,M,offpeak,1599848.5,1.4305576,0.26688823,2288675.5,426980.75,316087.4,0.19757333,0.80242664
2024-04-01T00:00:00.000,B DIVISION,M,peak,1900532.4,1.0590651,0.06886532,2012787.4,130880.766,286834.3,0.15092313,0.84907687
2024-04-01T00:00:00.000,B DIVISION,N,offpeak,2761124.8,1.4156564,0.63469374,3908804.2,1752468.6,497836.5,0.18030207,0.8196979
2024-04-01T00:00:00.000,B DIVISION,N,peak,2946996.5,1.2405143,0.3813367,3655791.5,1123797.9,453760.2,0.15397377,0.84602624
2024-04-01T00:00:00.000,B DIVISION,Q,offpeak,3425184.8,1.4145519,0.507998,4845101.5,1739986.9,675941.5,0.19734454,0.80265546
2024-04-01T00:00:00.000,B DIVISION,Q,peak,3516605.2,1.2966695,0.53584373,4559875.0,1884350.9,638802.2,0.18165308,0.8183469
2024-04-01T00:00:00.000,B DIVISION,R,offpeak,3898383.5,1.7992324,0.2401543,7014097.5,936213.5,837540.7,0.21484308,0.7851569
2024-04-01T00:00:00.000,B DIVISION,R,peak,4290071.5,1.4783952,0.022624182,6342421.5,97059.37,700627.9,0.16331379,0.8366862
2024-04-01T00:00:00.000,B DIVISION,S Fkln,offpeak,210465.4,1.2958275,0.1046304,272726.84,22021.08,16155.6,0.07676131,0.9232387
2024-04-01T00:00:00.000,B DIVISION,S Fkln,peak,202917.0,0.53602666,-0.028865315,108768.92,-5857.263,8844.8,0.043588266,0.9564117
2024-04-01T00:00:00.000,B DIVISION,S Rock,offpeak,30122.6,0.9174196,-0.9013596,27635.064,-27151.295,3173.8,0.10536275,0.8946372
2024-04-01T00:00:00.000,B DIVISION,S Rock,peak,21705.2,1.0133108,-1.2783651,21994.113,-27747.17,2350.6,0.10829663,0.89170337
2024-04-01T00:00:00.000,B DIVISION,W,offpeak,1408231.0,0.90382165,0.31996468,1272789.6,450584.2,161740.7,0.114853814,0.8851462
2024-04-01T00:00:00.000,B DIVISION,W,peak,1630745.2,0.7032892,-0.1056059,1146885.5,-172216.31,117676.9,0.07216143,0.92783856
2024-05-01T00:00:00.000,A DIVISION,1,offpeak,4526043.0,1.0760942,0.7793154,4870448.5,3527215.2,564941.8,0.12482024,0.87517977
2024-05-01T00:00:00.000,A DIVISION,1,peak,4797111.0,1.412576,0.6227118,6776284.0,2987217.5,490885.0,0.1023293,0.8976707
2024-05-01T00:00:00.000,A DIVISION,2,offpeak,2969421.5,1.5100399,0.3834012,4483945.5,1138479.8,483401.4,0.16279311,0.8372069
2024-05-01T00:00:00.000,A DIVISION,2,peak,3429320.0,1.3524264,0.19427094,4637902.5,666217.2,382345.7,0.111493155,0.8885068
2024-05-01T00:00:00.000,A DIVISION,3,offpeak,2314046.8,1.0712364,0.32082707,2478890.8,742408.8,276844.4,0.119636476,0.8803635
2024-05-01T00:00:00.000,A DIVISION,3,peak,2636871.8,1.2095928,0.26914522,3189541.2,709701.44,256446.9,0.09725422,0.9027458
2024-05-01T00:00:00.000,A DIVISION,4,offpeak,3796780.8,1.1234971,0.4766459,4265672.0,1809719.9,520186.2,0.13700718,0.8629928
2024-05-01T00:00:00.000,A DIVISION,4,peak,3943926.5,1.0407239,0.4955876,4104538.5,1954560.9,459578.2,0.11652809,0.8834719
2024-05-01T00:00:00.000,A DIVISION,5,offpeak,2770739.2,1.1965574,0.47842208,3315348.8,1325582.8,384395.5,0.13873392,0.8612661
2024-05-01T00:00:00.000,A DIVISION,5,peak,3466545.8,1.0697049,0.21047217,3708180.8,729611.4,366434.4,0.105705924,0.8942941
2024-05-01T00:00:00.000,A DIVISION,6,offpeak,5241436.0,1.2862334,0.6784278,6741710.5,3555936.2,707899.0,0.13505821,0.8649418
2024-05-01T00:00:00.000,A DIVISION,6,peak,5661210.0,1.5952977,0.9442994,9031315.0,5345877.0,832388.8,0.14703374,0.85296625
2024-05-01T00:00:00.000,A DIVISION,7,offpeak,3933174.5,1.4789028,0.4670327,5816783.0,1836921.2,484666.5,0.12322527,0.8767747
2024-05-01T00:00:00.000,A DIVISION,7,peak,4287287.5,1.1273766,0.6415571,4833387.5,2750539.8,397945.3,0.092819825,0.9071802
2024-05-01T00:00:00.000,A DIVISION,S 42nd,offpeak,362445.3,0.4846563,-0.10036819,175661.4,-36377.977,6164.6,0.01700836,0.98299164
2024-05-01T00:00:00.000,A DIVISION,S 42nd,peak,446573.4,0.39932486,-0.12541166,178327.88,-56005.508,581.2,0.0013014658,0.99869853
2024-05-01T00:00:00.000,B DIVISION,A,offpeak,3724561.0,1.2280712,0.84057343,4574026.0,3130767.0,767295.4,0.20600963,0.7939904
2024-05-01T00:00:00.000,B DIVISION,A,peak,4402401.0,1.0959888,0.56966716,4824982.0,2507903.2,725557.6,0.16480953,0.8351905
2024-05-01T00:00:00.000,B DIVISION,B,offpeak,1877612.1,1.876492,0.88903624,3523324.2,1669265.1,458069.6,0.24396391,0.7560361
2024-05-01T00:00:00.000,B DIVISION,B,peak,2948617.2,2.3266215,1.2030239,6860316.5,3547257.0,732038.9,0.24826515,0.75173485
2024-05-01T00:00:00.000,B DIVISION,C,offpeak,2420607.0,1.5081574,0.5085241,3650656.2,1230937.1,421531.1,0.17414272,0.8258573
2024-05-01T00:00:00.000,B DIVISION,C,peak,2049094.6,1.5990266,0.2662297,3276556.8,545529.8,343136.5,0.16745761,0.83254236
2024-05-01T00:00:00.000,B DIVISION,D,offpeak,3239220.2,1.4503851,0.9719854,4698117.0,3148474.8,768618.3,0.23728497,0.76271504
2024-05-01T00:00:00.000,B DIVISION,D,peak,2948991.8,1.435576,1.0580864,4233502.0,3120288.0,630098.1,0.2136656,0.7863344
2024-05-01T00:00:00.000,B DIVISION,E,offpeak,3464043.2,1.1073561,0.2795488,3835929.5,968369.1,504080.1,0.14551784,0.8544822
2024-05-01T00:00:00.000,B DIVISION,E,peak,3913999.8,1.0642903,-0.37555012,4165631.8,-1469903.1,382091.7,0.0976218,0.9023782
2024-05-01T00:00:00.000,B DIVISION,F,offpeak,4091602.0,1.6338382,0.1597935,6685015.5,653811.4,820972.0,0.20064805,0.79935193
2024-05-01T00:00:00.000,B DIVISION,F,peak,4605946.0,1.5003507,-0.3971423,6910534.5,-1829215.9,639036.9,0.13874173,0.86125827
2024-05-01T00:00:00.000,B DIVISION,G,offpeak,1246857.5,1.1301818,0.9070245,1409175.6,1130930.2,214585.9,0.17210138,0.8278986
2024-05-01T00:00:00.000,B DIVISION,G,peak,1429087.0,1.1331979,0.6304344,1619438.4,900945.56,265752.4,0.18595956,0.8140404
2024-05-01T00:00:00.000,B DIVISION,JZ,offpeak,1378220.1,1.373918,0.94778013,1893561.5,1306249.6,307135.5,0.22284938,0.77715063
2024-05-01T00:00:00.000,B DIVISION,JZ,peak,1470883.5,1.2426082,0.8180114,1827731.8,1203199.5,287804.4,0.19566771,0.8043323
2024-05-01T00:00:00.000,B DIVISION,L,offpeak,2636045.0,1.0526912,0.65015715,2774941.8,1713843.5,267948.9,0.10164807,0.8983519
2024-05-01T00:00:00.000,B DIVISION,L,peak,2679121.2,0.8515966,0.54823405,2281530.5,1468785.4,213138.4,0.07955534,0.92044467
2024-05-01T00:00:00.000,B DIVISION,M,offpeak,1662071.5,2.1275098,0.2612254,3536073.5,434175.28,415247.6,0.24983738,0.7501626
2024-05-01T00:00:00.000,B DIVISION,M,peak,1967010.0,2.066826,0.101481326,4065467.8,199614.78,398170.5,0.20242424,0.7975758
2024-05-01T00:00:00.000,B DIVISION,N,offpeak,2551136.5,1.5136123,0.8689191,3861431.5,2216731.2,489052.2,0.19169974,0.80830026
2024-05-01T00:00:00.000,B DIVISION,N,peak,2817874.5,1.5447909,0.6586122,4353027.0,1855886.5,489020.5,0.17354232,0.8264577
2024-05-01T00:00:00.000,B DIVISION,Q,offpeak,3190864.5,1.3081082,0.41579896,4173996.2,1326758.1,590550.5,0.18507539,0.8149246
2024-05-01T00:00:00.000,B DIVISION,Q,peak,3356211.0,1.4516774,0.79254746,4872135.5,2659956.5,674716.1,0.20103507,0.7989649
2024-05-01T00:00:00.000,B DIVISION,R,offpeak,3476671.8,1.8468435,0.23331518,6420868.5,811160.3,714570.0,0.20553277,0.7944672
2024-05-01T00:00:00.000,B DIVISION,R,peak,3837145.0,1.7360866,0.08128714,6661616.0,311910.53,676249.4,0.17623764,0.82376236
2024-05-01T00:00:00.000,B DIVISION,S Fkln,offpeak,196053.9,0.7954455,0.09354823,155950.2,18340.496,9664.2,0.049293585,0.9507064
2024-05-01T00:00:00.000,B DIVISION,S Fkln,peak,182095.2,0.4349959,0.044138562,79210.664,8037.42,5474.4,0.030063396,0.9699366
2024-05-01T00:00:00.000,B DIVISION,S Rock,offpeak,28125.3,1.7375336,-0.6597566,48868.656,-18555.852,3172.1,0.11278457,0.88721544
2024-05-01T00:00:00.000,B DIVISION,S Rock,peak,19454.4,0.65430164,-1.1868008,12729.046,-23088.5,1950.5,0.100260094,0.8997399
2024-05-01T00:00:00.000,B DIVISION,W,offpeak,1320082.0,0.85524803,0.32699788,1128997.5,431664.0,153803.8,0.11651079,0.8834892
2024-05-01T00:00:00.000,B DIVISION,W,peak,1547284.4,1.1510993,0.16742463,1781078.0,259053.53,158039.9,0.10214017,0.8978598
2024-06-01T00:00:00.000,A DIVISION,1,offpeak,4746890.5,1.0220435,0.76268774,4851528.5,3620395.2,564177.1,0.11885193,0.88114804
2024-06-01T00:00:00.000,A DIVISION,1,peak,4840214.0,1.1081791,0.59198177,5363824.0,2865318.5,488601.2,0.1009462,0.8990538
2024-06-01T00:00:00.000,A DIVISION,2,offpeak,2893558.2,1.5763735,0.5283471,4561328.5,1528803.0,515010.3,0.17798512,0.82201487
2024-06-01T00:00:00.000,A DIVISION,2,peak,3284177.8,1.3319567,0.32657796,4374382.5,1072540.1,418832.3,0.12753034,0.87246966
2024-06-01T00:00:00.000,A DIVISION,3,offpeak,2249750.5,1.0539403,0.40981764,2371102.8,921987.44,257568.8,0.114487715,0.8855123
2024-06-01T00:00:00.000,A DIVISION,3,peak,2550628.5,1.047309,0.30341923,2671296.2,773909.75,257214.7,0.10084365,0.89915633
2024-06-01T00:00:00.000,A DIVISION,4,offpeak,3885113.0,0.9977764,0.43801475,3876474.0,1701736.9,506126.6,0.13027333,0.86972666
2024-06-01T00:00:00.000,A DIVISION,4,peak,3855973.0,1.0435373,0.59495234,4023851.8,2294120.2,551001.7,0.14289562,0.85710436
2024-06-01T00:00:00.000,A DIVISION,5,offpeak,2605987.8,1.2357612,0.56812257,3220378.5,1480520.4,391078.0,0.15006901,0.849931
2024-06-01T00:00:00.000,A DIVISION,5,peak,3285484.0,1.1134325,0.47420806,3658164.8,1558003.0,467186.0,0.14219701,0.857803
2024-06-01T00:00:00.000,A DIVISION,6,offpeak,5079585.5,1.1522868,0.568563,5853139.0,2888064.0,609441.7,0.11997864,0.8800214
2024-06-01T00:00:00.000,A DIVISION,6,peak,5481108.5,1.2994461,0.7258668,7122405.0,3978554.5,732503.7,0.13364153,0.86635846
2024-06-01T00:00:00.000,A DIVISION,7,offpeak,3715236.0,1.0009927,0.39495373,3718924.0,1467346.4,414712.8,0.11162489,0.8883751
2024-06-01T00:00:00.000,A DIVISION,7,peak,4102478.5,0.9781077,0.37707296,4012665.8,1546933.8,345365.9,0.0841847,0.9158153
2024-06-01T00:00:00.000,A DIVISION,S 42nd,offpeak,371676.0,0.5491701,-0.093332626,204113.34,-34689.496,9495.3,0.025547251,0.97445273
2024-06-01T00:00:00.000,A DIVISION,S 42nd,peak,448168.0,0.60980266,-0.11865437,273294.06,-53177.094,8613.5,0.019219356,0.98078066
2024-06-01T00:00:00.000,B DIVISION,A,offpeak,3586960.0,1.3728445,0.84739196,4924338.0,3039561.0,784460.8,0.21869795,0.78130203
2024-06-01T00:00:00.000,B DIVISION,A,peak,4197327.5,1.122477,0.5134387,4711403.5,2155070.2,671205.9,0.15991269,0.8400873
2024-06-01T00:00:00.000,B DIVISION,B,offpeak,1882529.6,2.154157,0.81748104,4055264.2,1538932.2,458923.6,0.24378029,0.7562197
2024-06-01T00:00:00.000,B DIVISION,B,peak,2814558.0,1.8969942,0.9284834,5339200.5,2613270.5,639210.6,0.2271087,0.7728913
2024-06-01T00:00:00.000,B DIVISION,C,offpeak,2417803.2,1.5834365,0.5274585,3828437.8,1275290.9,427591.5,0.17685124,0.8231488
2024-06-01T00:00:00.000,B DIVISION,C,peak,2034095.4,1.596997,0.3219873,3248444.2,654952.9,330744.8,0.16260044,0.83739954
2024-06-01T00:00:00.000,B DIVISION,D,offpeak,3054898.5,1.6831943,0.9226652,5141987.5,2818648.5,766789.2,0.25100318,0.74899685
2024-06-01T00:00:00.000,B DIVISION,D,peak,2706649.0,1.3856893,0.8128076,3750574.5,2199985.0,567006.9,0.20948666,0.79051334
2024-06-01T00:00:00.000,B DIVISION,E,offpeak,3371649.5,1.2613167,0.108562134,4252717.5,366033.47,477795.3,0.14170966,0.8582904
2024-06-01T00:00:00.000,B DIVISION,E,peak,3701078.5,1.4550232,-0.46191233,5385155.0,-1709573.8,359921.6,0.097247764,0.9027522
2024-06-01T00:00:00.000,B DIVISION,F,offpeak,3957061.0,1.6776409,-0.011700757,6638527.5,-46300.61,761316.1,0.19239433,0.8076057
2024-06-01T00:00:00.000,B DIVISION,F,peak,4432265.0,1.288478,-0.6289536,5710876.0,-2787688.8,505877.0,0.114135094,0.8858649
2024-06-01T00:00:00.000,B DIVISION,G,offpeak,1258550.2,1.100867,0.876135,1385496.5,1102659.9,209058.3,0.16611041,0.8338896
2024-06-01T00:00:00.000,B DIVISION,G,peak,1382517.4,1.0890304,0.5670281,1505603.5,783926.25,247179.2,0.17878921,0.8212108
2024-06-01T00:00:00.000,B DIVISION,JZ,offpeak,1297066.8,1.5600059,0.9137306,2023431.8,1185169.6,304553.7,0.23480187,0.7651981
2024-06-01T00:00:00.000,B DIVISION,JZ,peak,1375997.0,1.2557782,0.5680659,1727947.1,781656.94,252490.7,0.18349655,0.81650347
2024-06-01T00:00:00.000,B DIVISION,L,offpeak,2682746.2,0.8966991,0.60409987,2405616.2,1620646.8,253615.8,0.09453589,0.9054641
2024-06-01T00:00:00.000,B DIVISION,L,peak,2666256.0,0.79171795,0.40000856,2110922.8,1066525.2,166086.8,0.062292144,0.93770784
2024-06-01T00:00:00.000,B DIVISION,M,offpeak,1615547.4,2.5235484,0.23154984,4076912.0,374079.75,424559.5,0.26279607,0.73720396
2024-06-01T00:00:00.000,B DIVISION,M,peak,1891356.5,2.172224,0.028766528,4108450.2,54407.758,377197.2,0.1994321,0.8005679
2024-06-01T00:00:00.000,B DIVISION,N,offpeak,2526741.5,1.3457296,0.5463647,3400311.0,1380522.4,459327.8,0.18178661,0.8182134
2024-06-01T00:00:00.000,B DIVISION,N,peak,2669716.5,1.170873,0.33081356,3125899.0,883178.44,383082.2,0.14349172,0.8565083
2024-06-01T00:00:00.000,B DIVISION,Q,offpeak,3162374.0,1.7438179,0.54061645,5514604.0,1709631.4,655357.3,0.20723587,0.7927641
2024-06-01T00:00:00.000,B DIVISION,Q,peak,3217008.5,1.4801419,0.49807236,4761629.0,1602303.0,610796.4,0.18986471,0.8101353
2024-06-01T00:00:00.000,B DIVISION,R,offpeak,3361072.0,1.7683781,0.07464549,5943646.0,250888.84,678289.8,0.20180759,0.79819244
2024-06-01T00:00:00.000,B DIVISION,R,peak,3642990.8,1.4817122,-0.048356242,5397864.0,-176161.34,581450.2,0.15960793,0.84039205
2024-06-01T00:00:00.000,B DIVISION,S Fkln,offpeak,182386.0,0.65514106,0.0996517,119488.555,18175.076,8400.1,0.046056714,0.9539433
2024-06-01T00:00:00.000,B DIVISION,S Fkln,peak,177672.0,0.57651776,0.06428377,102431.06,11421.427,8653.4,0.048704356,0.9512957
2024-06-01T00:00:00.000,B DIVISION,S Rock,offpeak,25400.0,0.72737837,-0.9568134,18475.41,-24303.06,2470.7,0.09727165,0.9027283
2024-06-01T00:00:00.000,B DIVISION,S Rock,peak,18388.0,0.6305632,-1.3315173,11594.796,-24483.941,1599.6,0.08699152,0.9130085
2024-06-01T00:00:00.000,B DIVISION,W,offpeak,1284420.5,0.8732323,0.15691766,1121597.5,201548.25,133098.5,0.103625335,0.89637464
2024-06-01T00:00:00.000,B DIVISION,W,peak,1470324.6,0.7472657,-0.14974587,1098723.1,-220175.03,108861.4,0.07403903,0.92596096
2024-07-01T00:00:00.000,A DIVISION,1,offpeak,4804193.0,1.1673484,0.7086479,5608167.0,3404481.5,627982.1,0.13071541,0.8692846
2024-07-01T00:00:00.000,A DIVISION,1,peak,5215829.5,1.1845033,0.7019719,6178167.5,3661365.8,627537.3,0.120313995,0.879686
2024-07-01T00:00:00.000,A DIVISION,2,offpeak,3118063.0,1.3904616,0.5061162,4335547.0,1578102.4,534693.4,0.17148255,0.82851744
2024-07-01T00:00:00.000,A DIVISION,2,peak,3539922.5,1.2712814,0.2907701,4500237.5,1029303.6,447220.9,0.12633635,0.87366366
2024-07-01T00:00:00.000,A DIVISION,3,offpeak,2348329.5,1.0856855,0.34348455,2549547.2,806614.9,293170.1,0.12484198,0.875158
2024-07-01T00:00:00.000,A DIVISION,3,peak,2771804.2,1.304749,0.42491037,3616509.0,1177768.4,350879.5,0.12658884,0.8734112
2024-07-01T00:00:00.000,A DIVISION,4,offpeak,4209022.5,0.95554674,0.33188748,4021917.5,1396921.9,531252.0,0.12621744,0.8737826
2024-07-01T00:00:00.000,A DIVISION,4,peak,4273719.5,1.1299444,0.2652846,4829066.0,1133752.0,511039.22,0.11957715,0.88042283
2024-07-01T00:00:00.000,A DIVISION,5,offpeak,2795716.2,1.1603603,0.31687677,3244038.2,885897.56,362139.6,0.12953374,0.87046623
2024-07-01T00:00:00.000,A DIVISION,5,peak,3610357.5,1.0475824,0.007304473,3782147.0,26371.758,384150.1,0.10640223,0.8935978
2024-07-01T00:00:00.000,A DIVISION,6,offpeak,5370984.5,1.0837435,0.56182045,5820769.0,3017528.8,611951.4,0.11393654,0.88606346
2024-07-01T00:00:00.000,A DIVISION,6,peak,5833968.5,1.1532049,0.63359773,6727761.0,3696389.2,684358.9,0.1173059,0.8826941
2024-07-01T00:00:00.000,A DIVISION,7,offpeak,4085461.2,1.0027072,0.41135064,4096521.5,1680557.1,409631.5,0.10026567,0.8997343
2024-07-01T00:00:00.000,A DIVISION,7,peak,4513410.0,0.74966246,0.24196021,3383534.0,1092065.6,271350.9,0.06012104,0.93987894
2024-07-01T00:00:00.000,A DIVISION,S 42nd,offpeak,387919.4,0.48260522,-0.09314833,187211.92,-36134.047,7121.5,0.018358195,0.9816418
2024-07-01T00:00:00.000,A DIVISION,S 42nd,peak,460583.2,0.45105052,-0.10641107,207746.28,-49011.152,4343.1,0.009429567,0.9905704
2024-07-01T00:00:00.000,B DIVISION,A,offpeak,3927596.2,1.4001901,1.1178933,5499381.5,4390633.5,866845.0,0.22070624,0.7792938
2024-07-01T00:00:00.000,B DIVISION,A,peak,4719253.5,1.1196914,0.7195766,5284108.0,3395864.5,761699.1,0.16140245,0.83859754
2024-07-01T00:00:00.000,B DIVISION,B,offpeak,2539327.5,1.5782344,0.9364201,4007654.0,2377877.2,534265.2,0.21039635,0.78960365
2024-07-01T00:00:00.000,B DIVISION,B,peak,3267964.8,1.5866196,1.1147759,5185017.0,3643048.2,706583.7,0.21621521,0.7837848
2024-07-01T00:00:00.000,B DIVISION,C,offpeak,2820484.0,1.7812155,0.87062085,5023890.0,2455572.2,603125.9,0.21383773,0.78616226
2024-07-01T00:00:00.000,B DIVISION,C,peak,2183450.2,1.8265694,0.48429835,3988223.5,1057441.4,415699.3,0.19038643,0.8096136
2024-07-01T00:00:00.000,B DIVISION,D,offpeak,2898150.2,1.8830705,1.3667184,5457421.5,3960955.5,778974.9,0.26878348,0.73121655
2024-07-01T00:00:00.000,B DIVISION,D,peak,2762073.5,1.3605424,0.97115374,3757918.0,2682398.0,576373.4,0.20867418,0.7913258
2024-07-01T00:00:00.000,B DIVISION,E,offpeak,3708026.0,1.2457815,0.32955262,4619390.5,1221989.6,601641.4,0.16225383,0.83774614
2024-07-01T00:00:00.000,B DIVISION,E,peak,4086755.5,1.3313135,-0.14182882,5440752.5,-579619.7,510295.3,0.12486563,0.87513435
2024-07-01T00:00:00.000,B DIVISION,F,offpeak,4431832.5,1.9422599,0.33977896,8607771.0,1505843.5,952864.3,0.21500458,0.78499544
2024-07-01T00:00:00.000,B DIVISION,F,peak,4834879.0,1.6399626,-0.20991299,7929020.0,-1014903.8,731999.1,0.15139967,0.8486003
2024-07-01T00:00:00.000,B DIVISION,G,offpeak,515036.6,0.733669,0.38243568,377866.38,196968.38,68651.8,0.133295,0.866705
2024-07-01T00:00:00.000,B DIVISION,G,peak,537305.5,1.0047898,-0.05155254,539879.1,-27699.465,78285.3,0.1456998,0.8543002
2024-07-01T00:00:00.000,B DIVISION,JZ,offpeak,1428322.2,1.234481,0.90995294,1763236.8,1299706.1,288906.1,0.20226954,0.79773045
2024-07-01T00:00:00.000,B DIVISION,JZ,peak,1503164.1,0.9655435,0.55196947,1451370.2,829700.75,246518.9,0.16399999,0.836
2024-07-01T00:00:00.000,B DIVISION,L,offpeak,2895636.5,1.3215636,0.62540025,3826768.0,1810931.9,328497.2,0.11344559,0.8865544
2024-07-01T00:00:00.000,B DIVISION,L,peak,2871655.5,1.4840295,0.6228895,4261621.5,1788724.2,305563.5,0.10640673,0.89359325
2024-07-01T00:00:00.000,B DIVISION,M,offpeak,1717149.0,1.9804027,0.47943118,3400646.5,823254.75,368065.8,0.21434703,0.78565294
2024-07-01T00:00:00.000,B DIVISION,M,peak,1984026.8,1.8194579,0.2427075,3609853.0,481538.2,403553.2,0.20340109,0.7965989
2024-07-01T00:00:00.000,B DIVISION,N,offpeak,2728055.8,1.3515756,0.7077243,3687173.5,1930711.2,513366.5,0.18818036,0.8118196
2024-07-01T00:00:00.000,B DIVISION,N,peak,2885069.2,1.2942798,0.42914253,3734086.8,1238105.9,445013.3,0.15424702,0.845753
2024-07-01T00:00:00.000,B DIVISION,Q,offpeak,3348455.8,1.2778921,0.45950344,4278965.0,1538626.9,650482.2,0.19426334,0.80573666
2024-07-01T00:00:00.000,B DIVISION,Q,peak,3460815.2,1.5317816,0.7190355,5301213.0,2488449.0,708354.8,0.2046786,0.7953214
2024-07-01T00:00:00.000,B DIVISION,R,offpeak,3635670.0,1.9241227,0.16586752,6995475.0,603039.56,798810.5,0.21971479,0.7802852
2024-07-01T00:00:00.000,B DIVISION,R,peak,3948933.0,1.6462923,0.046535213,6501098.0,183764.42,677314.5,0.17151836,0.8284816
2024-07-01T00:00:00.000,B DIVISION,S Fkln,offpeak,91230.6,0.48855802,0.042645976,44571.44,3890.6182,2982.6,0.032692976,0.96730703
2024-07-01T00:00:00.000,B DIVISION,S Fkln,peak,83569.1,0.45381343,0.068465725,37924.777,5721.6187,3431.8,0.041065417,0.9589346
2024-07-01T00:00:00.000,B DIVISION,S Rock,offpeak,35765.4,1.4360249,-0.83246773,51360.008,-29773.543,4121.2,0.11522868,0.8847713
2024-07-01T00:00:00.000,B DIVISION,S Rock,peak,23463.0,1.5237871,-1.3630643,35752.617,-31981.578,2087.3,0.08896134,0.91103864
2024-07-01T00:00:00.000,B DIVISION,W,offpeak,1367297.6,0.9323972,0.2233235,1274864.5,305349.7,153134.6,0.111998,0.888002
2024-07-01T00:00:00.000,B DIVISION,W,peak,1569735.1,0.8709029,-0.10994222,1367086.9,-172580.17,127138.0,0.08099328,0.9190067
2024-08-01T00:00:00.000,A DIVISION,1,offpeak,4578129.5,1.0156275,0.6845558,4649674.5,3133985.2,551607.4,0.1204875,0.8795125
2024-08-01T00:00:00.000,A DIVISION,1,peak,4465300.5,1.0760287,0.61339706,4804791.5,2739002.0,464934.4,0.10412164,0.8958784
2024-08-01T00:00:00.000,A DIVISION,2,offpeak,2811580.5,1.6782326,0.55909085,4718486.0,1571928.9,501969.6,0.17853646,0.8214635
2024-08-01T00:00:00.000,A DIVISION,2,peak,2982010.2,1.6533959,0.53831613,4930443.5,1605264.1,428575.0,0.14372016,0.85627985
2024-08-01T00:00:00.000,A DIVISION,3,offpeak,2096368.8,1.0650082,0.2686346,2232650.0,563157.2,258259.7,0.12319383,0.8768062
2024-08-01T00:00:00.000,A DIVISION,3,peak,2329676.2,1.1554371,0.4784272,2691794.5,1114580.4,287821.2,0.12354558,0.8764544
2024-08-01T00:00:00.000,A DIVISION,4,offpeak,3738076.0,0.94853365,0.36559108,3545691.0,1366607.2,486598.4,0.13017349,0.8698265
2024-08-01T00:00:00.000,A DIVISION,4,peak,3530317.5,0.96605724,0.29003134,3410488.8,1023902.75,409779.8,0.11607449,0.8839255
2024-08-01T00:00:00.000,A DIVISION,5,offpeak,2500088.5,1.2232832,0.4981212,3058316.2,1245347.1,352190.7,0.14087129,0.8591287
2024-08-01T00:00:00.000,A DIVISION,5,peak,3027575.2,1.1661891,0.026277034,3530725.2,79555.695,346905.8,0.11458206,0.88541794
2024-08-01T00:00:00.000,A DIVISION,6,offpeak,4710407.5,1.1190103,0.5684976,5270994.5,2677855.5,552664.2,0.11732832,0.88267165
2024-08-01T00:00:00.000,A DIVISION,6,peak,4802319.0,1.2329818,0.7739786,5921171.5,3716892.0,612813.7,0.12760788,0.8723921
2024-08-01T00:00:00.000,A DIVISION,7,offpeak,4049921.0,1.6083466,0.55778223,6513676.5,2258974.0,535949.3,0.13233574,0.8676643
2024-08-01T00:00:00.000,A DIVISION,7,peak,3993039.0,1.1530154,0.47185823,4604035.5,1884148.4,381990.0,0.09566398,0.90433604
2024-08-01T00:00:00.000,A DIVISION,S 42nd,offpeak,283886.72,0.5581119,-0.11050135,158440.55,-31369.865,7615.3,0.026825137,0.97317487
2024-08-01T00:00:00.000,A DIVISION,S 42nd,peak,318235.78,0.42672926,-0.10258348,135800.53,-32645.736,1269.0,0.003987609,0.9960124
2024-08-01T00:00:00.000,B DIVISION,A,offpeak,3537290.2,1.286981,0.8259143,4552425.5,2921498.8,756244.7,0.21379209,0.7862079
2024-08-01T00:00:00.000,B DIVISION,A,peak,4007415.5,1.0673602,0.54325646,4277355.5,2177054.2,628780.9,0.15690434,0.84309566
2024-08-01T00:00:00.000,B DIVISION,B,offpeak,2234311.0,1.6079016,1.1092784,3592552.2,2478473.0,526582.2,0.2356799,0.76432014
2024-08-01T00:00:00.000,B DIVISION,B,peak,2607577.2,1.6220258,0.7558021,4229557.5,1970812.4,554085.3,0.21249047,0.7875095
2024-08-01T00:00:00.000,B DIVISION,C,offpeak,2379668.8,1.6783751,0.61414176,3993976.8,1461453.9,460991.4,0.19372083,0.8062792
2024-08-01T00:00:00.000,B DIVISION,C,peak,1784528.2,1.6106994,0.44034982,2874338.5,785816.75,309269.2,0.17330585,0.82669413
2024-08-01T00:00:00.000,B DIVISION,D,offpeak,2615124.5,1.6901249,1.0690312,4419887.0,2795649.8,656646.0,0.2510955,0.7489045
2024-08-01T00:00:00.000,B DIVISION,D,peak,2322085.2,1.408968,0.6749741,3271743.8,1567347.2,467841.4,0.2014747,0.79852533
2024-08-01T00:00:00.000,B DIVISION,E,offpeak,3352950.2,1.3303723,0.51299936,4460672.0,1720061.2,554536.0,0.16538748,0.8346125
2024-08-01T00:00:00.000,B DIVISION,E,peak,3465619.8,0.989426,-0.6649087,3428974.2,-2304320.8,299184.7,0.08632935,0.91367066
2024-08-01T00:00:00.000,B DIVISION,F,offpeak,4303286.5,1.8769603,0.38727635,8077098.0,1666561.1,932968.8,0.21680377,0.7831962
2024-08-01T00:00:00.000,B DIVISION,F,peak,4308668.5,1.4267738,-0.52787143,6147495.0,-2274423.0,563247.0,0.13072415,0.86927587
2024-08-01T00:00:00.000,B DIVISION,G,offpeak,522395.0,1.1432867,0.7813437,597247.25,408170.03,58778.4,0.112517156,0.8874828
2024-08-01T00:00:00.000,B DIVISION,G,peak,524517.5,0.78192127,0.56441045,410131.38,296043.16,55884.9,0.10654535,0.8934547
2024-08-01T00:00:00.000,B DIVISION,JZ,offpeak,1368782.8,1.5047618,0.91469425,2059692.0,1252017.8,301103.1,0.21997873,0.78002125
2024-08-01T00:00:00.000,B DIVISION,JZ,peak,1284552.4,1.2965214,0.38438904,1665449.6,493767.88,220227.9,0.1714433,0.8285567
2024-08-01T00:00:00.000,B DIVISION,L,offpeak,2672747.2,1.167814,0.63422394,3121271.8,1695120.2,276683.3,0.103520185,0.8964798
2024-08-01T00:00:00.000,B DIVISION,L,peak,2481119.5,1.5220057,0.65582764,3776278.0,1627186.8,219631.3,0.08852105,0.91147894
2024-08-01T00:00:00.000,B DIVISION,M,offpeak,1685000.2,2.257695,0.5200905,3804216.5,876352.7,402825.6,0.23906562,0.7609344
2024-08-01T00:00:00.000,B DIVISION,M,peak,1733388.1,1.8563457,0.047948744,3217767.5,83113.78,337806.7,0.19488232,0.80511767
2024-08-01T00:00:00.000,B DIVISION,N,offpeak,2586528.5,1.4970226,0.89409906,3872091.5,2312612.5,545286.7,0.21081798,0.789182
2024-08-01T00:00:00.000,B DIVISION,N,peak,2595182.5,1.2778233,0.24897347,3316184.8,646131.6,384906.9,0.14831592,0.8516841
2024-08-01T00:00:00.000,B DIVISION,Q,offpeak,3083345.2,1.4222639,0.7521331,4385330.5,2319086.0,658210.4,0.21347283,0.78652716
2024-08-01T00:00:00.000,B DIVISION,Q,peak,3069828.2,1.2898092,0.5684073,3959492.8,1744912.8,541476.1,0.17638645,0.8236135
2024-08-01T00:00:00.000,B DIVISION,R,offpeak,3336723.8,1.9288828,0.28279528,6436149.5,943609.75,744573.2,0.223145,0.776855
2024-08-01T00:00:00.000,B DIVISION,R,peak,3385843.0,1.471931,-0.06898186,4983727.0,-233561.77,524603.0,0.15494014,0.8450599
2024-08-01T00:00:00.000,B DIVISION,S Fkln,offpeak,133339.1,0.47974932,0.023104206,63969.34,3080.6938,5203.6,0.039025314,0.9609747
2024-08-01T00:00:00.000,B DIVISION,S Fkln,peak,114238.9,0.44263905,-0.011626784,50566.598,-1328.2311,4802.2,0.04203647,0.9579635
2024-08-01T00:00:00.000,B DIVISION,S Rock,offpeak,40778.5,1.4739344,-0.6545122,60104.836,-26690.027,5650.8,0.13857302,0.86142695
2024-08-01T00:00:00.000,B DIVISION,S Rock,peak,25435.5,0.54656905,-1.3821363,13902.257,-35155.332,1965.2,0.077262096,0.9227379
2024-08-01T00:00:00.000,B DIVISION,W,offpeak,1289575.9,1.081139,0.40217885,1394210.8,518640.16,169196.0,0.13120282,0.8687972
2024-08-01T00:00:00.000,B DIVISION,W,peak,1368413.8,0.7929534,-0.19686909,1085088.4,-269398.38,105823.9,0.077333264,0.9226667
2024-09-01T00:00:00.000,A DIVISION,1,offpeak,4436528.0,1.0456676,0.80042636,4639134.0,3551114.0,566734.1,0.12774272,0.8722573
2024-09-01T00:00:00.000,A DIVISION,1,peak,4867927.5,1.0138668,0.7138606,4935430.0,3475021.2,509113.34,0.10458524,0.89541477
2024-09-01T00:00:00.000,A DIVISION,2,offpeak,2764587.8,1.3143607,0.71197104,3633665.8,1968306.5,480457.44,0.1737899,0.8262101
2024-09-01T00:00:00.000,A DIVISION,2,peak,3240494.5,1.0437007,0.38953578,3382106.5,1262288.6,404241.2,0.124746755,0.87525326
2024-09-01T00:00:00.000,A DIVISION,3,offpeak,1968692.4,0.93181145,0.32374835,1834450.1,637360.94,237717.44,0.1207489,0.8792511
2024-09-01T00:00:00.000,A DIVISION,3,peak,2556601.0,0.84172016,0.34269726,2151942.5,876140.1,259045.88,0.10132433,0.8986757
2024-09-01T00:00:00.000,A DIVISION,4,offpeak,3672171.0,0.9810216,0.5630076,3602479.0,2067460.2,510700.8,0.13907327,0.86092675
2024-09-01T00:00:00.000,A DIVISION,4,peak,3943581.2,0.9306672,0.44812366,3670161.8,1767212.1,495716.1,0.12570201,0.874298
2024-09-01T00:00:00.000,A DIVISION,5,offpeak,2480130.5,1.1897842,0.7250947,2950820.0,1798329.2,364898.7,0.14712884,0.8528712
2024-09-01T00:00:00.000,A DIVISION,5,peak,3236978.5,1.0093887,0.32883742,3267369.5,1064439.6,407755.62,0.12596798,0.874032
2024-09-01T00:00:00.000,A DIVISION,6,offpeak,4905211.5,1.131218,0.71236914,5548863.0,3494321.2,597885.75,0.12188786,0.87811214
2024-09-01T00:00:00.000,A DIVISION,6,peak,5485017.5,1.2416402,0.89888406,6810418.0,4930394.5,744668.75,0.13576415,0.8642358
2024-09-01T00:00:00.000,A DIVISION,7,offpeak,3752982.2,0.7509308,0.50585884,2818230.0,1898479.2,380718.84,0.101444356,0.89855564
2024-09-01T00:00:00.000,A DIVISION,7,peak,4156502.8,0.67342675,0.40154094,2799100.0,1669005.9,273851.47,0.065885074,0.93411493
2024-09-01T00:00:00.000,A DIVISION,S 42nd,offpeak,301819.4,0.56430465,-0.11664779,170318.1,-35206.566,6639.94,0.021999713,0.9780003
2024-09-01T00:00:00.000,A DIVISION,S 42nd,peak,414072.84,0.434626,-0.12078728,179966.83,-50014.734,3099.6567,0.007485776,0.99251425
2024-09-01T00:00:00.000,B DIVISION,A,offpeak,3412484.5,1.2692854,0.7666055,4331417.0,2616029.2,712814.25,0.20888424,0.79111576
2024-09-01T00:00:00.000,B DIVISION,A,peak,4259487.5,1.1775117,0.6687057,5015597.0,2848343.5,712175.06,0.16719735,0.83280265
2024-09-01T00:00:00.000,B DIVISION,B,offpeak,2026493.4,1.9895414,1.3488299,4031792.5,2733394.8,516303.6,0.25477684,0.74522316
2024-09-01T00:00:00.000,B DIVISION,B,peak,2638374.5,1.8018155,1.1367378,4753864.0,2999140.0,632184.4,0.23961131,0.7603887
2024-09-01T00:00:00.000,B DIVISION,C,offpeak,2233343.8,1.5281557,0.498233,3412896.8,1112725.5,368814.28,0.16513996,0.83486
2024-09-01T00:00:00.000,B DIVISION,C,peak,1975825.0,1.717965,0.46117127,3394398.2,911193.7,349316.7,0.17679535,0.82320464
2024-09-01T00:00:00.000,B DIVISION,D,offpeak,2620380.2,1.9421533,1.0082668,5089180.5,2642042.2,661406.7,0.25240865,0.7475913
2024-09-01T00:00:00.000,B DIVISION,D,peak,2600287.5,1.7051443,1.0921556,4433865.5,2839918.5,610578.9,0.23481207,0.7651879
2024-09-01T00:00:00.000,B DIVISION,E,offpeak,3157222.2,1.2319611,0.29317755,3889575.2,925626.7,462972.56,0.1466392,0.8533608
2024-09-01T00:00:00.000,B DIVISION,E,peak,3641131.5,1.6295669,-0.15439126,5933467.5,-562158.9,458059.3,0.12580137,0.8741986
2024-09-01T00:00:00.000,B DIVISION,F,offpeak,3829121.5,1.9634808,0.25792357,7518407.0,987620.7,850986.8,0.22224073,0.77775925
2024-09-01T00:00:00.000,B DIVISION,F,peak,4403028.5,1.7183375,-0.24056727,7565889.0,-1059224.5,731910.06,0.16622877,0.8337712
2024-09-01T00:00:00.000,B DIVISION,G,offpeak,1081447.9,1.4864346,1.0514147,1607501.6,1137050.2,196800.19,0.18197842,0.8180216
2024-09-01T00:00:00.000,B DIVISION,G,peak,1228778.2,1.1426487,0.7419058,1404062.0,911637.75,220905.38,0.17977645,0.82022357
2024-09-01T00:00:00.000,B DIVISION,JZ,offpeak,1373955.6,1.3711053,0.938262,1883837.8,1289130.4,307736.28,0.22397834,0.77602166
2024-09-01T00:00:00.000,B DIVISION,JZ,peak,1431549.6,1.1980244,0.56794655,1715031.2,813043.7,257174.62,0.17964771,0.82035226
2024-09-01T00:00:00.000,B DIVISION,L,offpeak,2539747.5,1.0304389,0.564708,2617054.5,1434215.8,221931.06,0.08738312,0.91261685
2024-09-01T00:00:00.000,B DIVISION,L,peak,2646483.5,1.5577039,0.6527429,4122437.8,1727473.5,240289.4,0.090795726,0.90920424
2024-09-01T00:00:00.000,B DIVISION,M,offpeak,1587871.2,2.020676,0.34533367,3208573.2,548345.44,355107.03,0.22363715,0.77636284
2024-09-01T00:00:00.000,B DIVISION,M,peak,1872611.1,2.2664196,0.31831262,4244123.0,596075.75,411714.62,0.21986125,0.78013873
2024-09-01T00:00:00.000,B DIVISION,N,offpeak,2407703.8,1.4413565,0.9228561,3470359.8,2221964.0,498171.3,0.20690723,0.7930928
2024-09-01T00:00:00.000,B DIVISION,N,peak,2681831.5,1.3834472,0.46180257,3710172.2,1238476.8,462213.9,0.1723501,0.8276499
2024-09-01T00:00:00.000,B DIVISION,Q,offpeak,2981502.2,1.4626008,1.181979,4360747.5,3524073.0,690518.3,0.2316008,0.7683992
2024-09-01T00:00:00.000,B DIVISION,Q,peak,3286226.5,1.2871506,0.88069266,4229868.5,2894155.8,643467.5,0.19580741,0.8041926
2024-09-01T00:00:00.000,B DIVISION,R,offpeak,3184356.2,1.6928617,0.21334451,5390674.5,679364.94,661391.94,0.20770036,0.7922996
2024-09-01T00:00:00.000,B DIVISION,R,peak,3606744.2,1.6314431,0.049345985,5884198.0,177978.36,638683.9,0.17708044,0.82291955
2024-09-01T00:00:00.000,B DIVISION,S Fkln,offpeak,185170.28,0.36883277,-0.014528426,68296.87,-2690.2327,7490.635,0.040452685,0.95954734
2024-09-01T00:00:00.000,B DIVISION,S Fkln,peak,178892.2,0.26691735,-0.06445921,47749.43,-11531.25,6008.344,0.033586394,0.9664136
2024-09-01T00:00:00.000,B DIVISION,S Rock,offpeak,32067.758,1.1402847,-0.7278297,36566.37,-23339.865,3813.2805,0.11891323,0.88108677
2024-09-01T00:00:00.000,B DIVISION,S Rock,peak,21257.271,0.79565185,-1.1685624,16913.387,-24840.45,1962.8093,0.0923359,0.9076641
2024-09-01T00:00:00.000,B DIVISION,W,offpeak,1125852.6,0.9913539,0.20371634,1116118.5,229354.58,135106.89,0.12000406,0.87999594
2024-09-01T00:00:00.000,B DIVISION,W,peak,1384712.8,0.8127979,-0.11971531,1125491.6,-165771.31,114856.16,0.08294584,0.9170542
2024-10-01T00:00:00.000,A DIVISION,1,offpeak,5062172.0,0.9354727,0.79718596,4735524.0,4035492.8,588591.44,0.1162725,0.8837275
2024-10-01T00:00:00.000,A DIVISION,1,peak,5666852.0,1.0025195,0.66396517,5681129.5,3762592.5,551934.6,0.097397044,0.902603
2024-10-01T00:00:00.000,A DIVISION,2,offpeak,3160132.5,1.2490753,0.5433028,3947243.2,1716908.9,511390.62,0.16182569,0.8381743
2024-10-01T00:00:00.000,A DIVISION,2,peak,3801006.5,1.0845504,0.4011202,4122383.2,1524660.4,470566.16,0.12380041,0.8761996
2024-10-01T00:00:00.000,A DIVISION,3,offpeak,2375433.8,0.91568035,0.38047123,2175138.0,903784.2,280620.84,0.11813457,0.88186544
2024-10-01T00:00:00.000,A DIVISION,3,peak,2934185.8,0.8480211,0.49691474,2488251.2,1458040.1,296191.62,0.100945085,0.8990549
2024-10-01T00:00:00.000,A DIVISION,4,offpeak,4205587.0,1.046517,0.41017783,4401218.5,1725038.5,559297.94,0.13298926,0.8670107
2024-10-01T00:00:00.000,A DIVISION,4,peak,4498115.0,1.1339024,0.59552413,5100423.5,2678736.0,559831.8,0.124459215,0.8755408
2024-10-01T00:00:00.000,A DIVISION,5,offpeak,2921091.2,1.1195511,0.40567914,3270310.8,1185025.8,388986.8,0.1331649,0.8668351
2024-10-01T00:00:00.000,A DIVISION,5,peak,3860806.5,1.0603781,0.2877238,4093914.5,1110846.0,446379.7,0.115618244,0.8843818
2024-10-01T00:00:00.000,A DIVISION,6,offpeak,5668443.0,1.0895808,0.7160412,6176226.0,4058838.5,716670.06,0.12643155,0.8735685
2024-10-01T00:00:00.000,A DIVISION,6,peak,6373271.5,1.240972,0.85250604,7909052.0,5433252.5,870004.9,0.13650836,0.86349165
2024-10-01T00:00:00.000,A DIVISION,7,offpeak,4320350.5,1.0346023,0.8990467,4469844.5,3884197.0,630467.06,0.1459296,0.8540704
2024-10-01T00:00:00.000,A DIVISION,7,peak,4815329.0,0.83491117,0.5757008,4020372.0,2772188.8,460752.62,0.09568455,0.9043155
2024-10-01T00:00:00.000,A DIVISION,S 42nd,offpeak,346467.22,0.4740086,-0.097203076,164228.44,-33677.68,5498.951,0.015871491,0.98412853
2024-10-01T00:00:00.000,A DIVISION,S 42nd,peak,480210.12,0.35072178,-0.10730598,168420.14,-51529.418,138.73186,0.00028889824,0.9997111
2024-10-01T00:00:00.000,B DIVISION,A,offpeak,3925394.5,1.2215014,0.78293294,4794874.5,3073320.8,795841.3,0.20274174,0.79725826
2024-10-01T00:00:00.000,B DIVISION,A,peak,4933817.5,0.97143495,0.45082834,4792883.0,2224304.8,715361.7,0.14499152,0.8550085
2024-10-01T00:00:00.000,B DIVISION,B,offpeak,2075358.1,1.5911646,1.1331224,3302236.5,2351635.0,504171.62,0.24293235,0.7570677
2024-10-01T00:00:00.000,B DIVISION,B,peak,2990318.2,1.5608919,1.112659,4667563.5,3327204.8,714560.7,0.23895808,0.76104194
2024-10-01T00:00:00.000,B DIVISION,C,offpeak,2651173.2,1.4984611,0.5370043,3972680.2,1423691.4,443744.28,0.16737656,0.8326234
2024-10-01T00:00:00.000,B DIVISION,C,peak,2323297.2,1.4476849,0.350574,3363402.5,814487.6,348118.28,0.14983802,0.85016197
2024-10-01T00:00:00.000,B DIVISION,D,offpeak,3203152.8,1.5308856,1.17336,4903660.5,3758451.2,806514.25,0.25178763,0.7482124
2024-10-01T00:00:00.000,B DIVISION,D,peak,3034881.0,1.3559984,1.0570947,4115294.0,3208156.5,659625.5,0.21734805,0.78265196
2024-10-01T00:00:00.000,B DIVISION,E,offpeak,3639717.2,1.218205,0.34384543,4433922.0,1251500.2,558331.0,0.15339954,0.8466005
2024-10-01T00:00:00.000,B DIVISION,E,peak,4217139.5,1.0133996,-0.7258455,4273647.5,-3060992.0,346407.06,0.08214266,0.91785735
2024-10-01T00:00:00.000,B DIVISION,F,offpeak,4409933.0,1.6536559,0.24020526,7292511.5,1059289.0,905331.2,0.20529364,0.79470634
2024-10-01T00:00:00.000,B DIVISION,F,peak,5116906.0,1.3256178,-0.56526077,6783061.5,-2892386.0,633657.1,0.123835996,0.876164
2024-10-01T00:00:00.000,B DIVISION,G,offpeak,1268294.8,1.2728113,1.1273284,1614299.9,1429784.6,240705.5,0.18978672,0.81021327
2024-10-01T00:00:00.000,B DIVISION,G,peak,1455285.4,1.1672384,0.72943217,1698664.9,1061532.0,269366.2,0.1850951,0.81490487
2024-10-01T00:00:00.000,B DIVISION,JZ,offpeak,1590596.9,1.4250147,0.8596062,2266624.0,1367287.0,352124.56,0.22137888,0.77862114
2024-10-01T00:00:00.000,B DIVISION,JZ,peak,1663525.6,1.3235312,0.5425427,2201728.0,902533.7,298164.9,0.17923672,0.8207633
2024-10-01T00:00:00.000,B DIVISION,L,offpeak,2925497.2,0.74410355,0.5206234,2176873.0,1523082.2,240117.39,0.08207746,0.91792256
2024-10-01T00:00:00.000,B DIVISION,L,peak,3067645.8,0.7560702,0.49603692,2319355.5,1521665.6,207372.14,0.067599766,0.9324002
2024-10-01T00:00:00.000,B DIVISION,M,offpeak,1869873.1,1.9422972,0.33661574,3631849.2,629428.75,408470.75,0.21844839,0.7815516
2024-10-01T00:00:00.000,B DIVISION,M,peak,2180939.2,1.6107941,0.04464509,3513044.2,97368.234,402357.78,0.18448828,0.8155117
2024-10-01T00:00:00.000,B DIVISION,N,offpeak,2739615.0,1.4573787,0.95019406,3992656.8,2603166.0,616895.4,0.22517595,0.774824
2024-10-01T00:00:00.000,B DIVISION,N,peak,3102566.0,1.5041677,0.70523804,4666779.5,2188047.8,610805.9,0.19687119,0.8031288
2024-10-01T00:00:00.000,B DIVISION,Q,offpeak,3377960.2,1.4094087,0.72016126,4760926.5,2432676.0,737504.94,0.21832849,0.7816715
2024-10-01T00:00:00.000,B DIVISION,Q,peak,3838658.2,1.3167579,0.91677284,5054584.0,3519177.5,812585.94,0.2116849,0.7883151
2024-10-01T00:00:00.000,B DIVISION,R,offpeak,3630146.8,1.7196065,0.21520771,6242424.0,781235.56,762655.25,0.21008939,0.7899106
2024-10-01T00:00:00.000,B DIVISION,R,peak,4181815.8,1.5464576,0.012399053,6467000.5,51850.555,682390.9,0.16318053,0.83681947
2024-10-01T00:00:00.000,B DIVISION,S Fkln,offpeak,214829.89,0.76561767,0.031292215,164477.56,6722.5034,12357.958,0.05752439,0.9424756
2024-10-01T00:00:00.000,B DIVISION,S Fkln,peak,208621.62,0.5809143,0.024787031,121191.3,5171.111,12812.385,0.061414458,0.9385855
2024-10-01T00:00:00.000,B DIVISION,S Rock,offpeak,36574.645,1.1602392,-0.71293116,42435.332,-26075.201,4722.958,0.12913203,0.87086797
2024-10-01T00:00:00.000,B DIVISION,S Rock,peak,24367.299,0.8639437,-1.214525,21051.975,-29594.693,2634.0237,0.10809666,0.89190334
2024-10-01T00:00:00.000,B DIVISION,W,offpeak,1259631.0,0.89975363,0.29097405,1133357.6,366519.94,147120.1,0.11679619,0.8832038
2024-10-01T00:00:00.000,B DIVISION,W,peak,1603162.2,0.92592615,0.04273375,1484409.9,68509.13,149538.77,0.09327738,0.9067226
2024-11-01T00:00:00.000,A DIVISION,1,offpeak,5068791.5,0.9363785,0.74850494,4746307.5,3794015.5,586549.44,0.11571781,0.8842822
2024-11-01T00:00:00.000,A DIVISION,1,peak,5383264.0,0.90336776,0.6391812,4863067.0,3440881.0,505691.5,0.09393771,0.9060623
2024-11-01T00:00:00.000,A DIVISION,2,offpeak,3032113.5,1.5831995,0.6436474,4800440.5,1951611.9,539822.3,0.178035,0.821965
2024-11-01T00:00:00.000,A DIVISION,2,peak,3525870.8,1.4489627,0.47885892,5108855.0,1688394.6,468153.22,0.13277663,0.8672234
2024-11-01T00:00:00.000,A DIVISION,3,offpeak,2387332.2,0.93723935,0.47048602,2237501.5,1123206.4,303043.7,0.12693821,0.8730618
2024-11-01T00:00:00.000,A DIVISION,3,peak,2725367.0,0.97152644,0.4645536,2647766.0,1266079.0,293893.03,0.107836135,0.8921639
2024-11-01T00:00:00.000,A DIVISION,4,offpeak,3890383.0,0.9442483,0.47285518,3673487.5,1839587.8,500179.34,0.12856814,0.8714318
2024-11-01T00:00:00.000,A DIVISION,4,peak,4055560.8,0.9437293,0.37531948,3827351.5,1522131.0,439218.62,0.10830034,0.8916997
2024-11-01T00:00:00.000,A DIVISION,5,offpeak,2767408.2,1.4020407,0.5392692,3880019.0,1492378.0,401939.78,0.1452405,0.8547595
2024-11-01T00:00:00.000,A DIVISION,5,peak,3498391.0,1.2329745,0.14479417,4313427.0,506546.6,400567.4,0.11450047,0.88549954
2024-11-01T00:00:00.000,A DIVISION,6,offpeak,5244800.5,1.1911042,0.7499188,6247104.0,3933174.5,698871.3,0.13325033,0.8667497
2024-11-01T00:00:00.000,A DIVISION,6,peak,5714858.0,1.2482073,0.82381856,7133327.5,4708006.0,774297.5,0.1354885,0.8645115
2024-11-01T00:00:00.000,A DIVISION,7,offpeak,4140123.0,0.8517269,0.5469394,3526254.0,2264396.5,454534.78,0.10978775,0.89021224
2024-11-01T00:00:00.000,A DIVISION,7,peak,4577398.0,0.7711771,0.39324623,3529984.5,1800044.6,350618.22,0.07659771,0.9234023
2024-11-01T00:00:00.000,A DIVISION,S 42nd,offpeak,374035.88,0.64543056,-0.11320886,241414.19,-42344.176,9659.524,0.025825128,0.97417486
2024-11-01T00:00:00.000,A DIVISION,S 42nd,peak,467627.34,0.43398687,-0.12632993,202944.12,-59075.33,2190.4287,0.004684133,0.99531585
2024-11-01T00:00:00.000,B DIVISION,A,offpeak,3745645.0,2.116199,1.1853607,7926530.0,4439940.0,836407.6,0.22330137,0.77669865
2024-11-01T00:00:00.000,B DIVISION,A,peak,4504196.0,2.232473,0.91271836,10055496.0,4111062.5,772755.44,0.17156345,0.82843655
2024-11-01T00:00:00.000,B DIVISION,B,offpeak,1991854.5,2.0842826,0.9307903,4151588.0,1853998.9,457962.12,0.22991745,0.77008253
2024-11-01T00:00:00.000,B DIVISION,B,peak,2732252.2,2.5050175,1.2451894,6844340.0,3402171.5,687793.6,0.2517314,0.7482686
2024-11-01T00:00:00.000,B DIVISION,C,offpeak,2727069.0,2.2487423,0.8726493,6132475.5,2379774.8,512904.66,0.1880791,0.8119209
2024-11-01T00:00:00.000,B DIVISION,C,peak,2244385.8,2.4063299,0.6237622,5400733.0,1399963.0,381217.9,0.169854,0.830146
2024-11-01T00:00:00.000,B DIVISION,D,offpeak,3160868.5,1.9992212,1.199888,6319275.0,3792688.2,764057.1,0.24172379,0.7582762
2024-11-01T00:00:00.000,B DIVISION,D,peak,2811066.0,2.3674817,1.3495898,6655148.0,3793786.2,689887.94,0.24541861,0.7545814
2024-11-01T00:00:00.000,B DIVISION,E,offpeak,3629262.0,1.5103679,0.36684808,5481521.0,1331387.9,601842.3,0.1658305,0.8341695
2024-11-01T00:00:00.000,B DIVISION,E,peak,3947307.8,1.5456132,-0.38543588,6101010.5,-1521434.0,493679.3,0.12506735,0.87493265
2024-11-01T00:00:00.000,B DIVISION,F,offpeak,4318250.5,1.7744378,0.28597668,7662467.0,1234919.0,916975.2,0.21234876,0.78765124
2024-11-01T00:00:00.000,B DIVISION,F,peak,4711591.5,1.5931323,-0.33104733,7506188.5,-1559759.8,716833.56,0.15214255,0.8478574
2024-11-01T00:00:00.000,B DIVISION,G,offpeak,1334406.0,1.1082351,0.91551983,1478835.6,1221675.1,219724.14,0.16466063,0.83533937
2024-11-01T00:00:00.000,B DIVISION,G,peak,1461647.6,0.99423397,0.60048157,1453219.8,877692.44,245542.56,0.16799025,0.83200973
2024-11-01T00:00:00.000,B DIVISION,JZ,offpeak,1461708.1,1.7423342,0.7898168,2546784.2,1154481.6,306325.34,0.2095667,0.7904333
2024-11-01T00:00:00.000,B DIVISION,JZ,peak,1511027.8,2.9344876,0.71202016,4434092.0,1075882.2,324089.25,0.21448267,0.78551733
2024-11-01T00:00:00.000,B DIVISION,L,offpeak,2842896.2,0.74947786,0.54432684,2130687.8,1547464.6,237886.9,0.083677664,0.91632235
2024-11-01T00:00:00.000,B DIVISION,L,peak,2873707.0,0.7628244,0.4644929,2192133.8,1334816.5,188560.64,0.06561582,0.93438417
2024-11-01T00:00:00.000,B DIVISION,M,offpeak,1818609.6,2.043,0.39361343,3715419.2,715829.1,405963.88,0.2232276,0.7767724
2024-11-01T00:00:00.000,B DIVISION,M,peak,2044397.8,2.6044252,0.26072583,5324480.5,533027.25,426828.88,0.20877977,0.79122025
2024-11-01T00:00:00.000,B DIVISION,N,offpeak,2581011.5,1.4640932,0.8313809,3778841.5,2145803.8,547030.1,0.21194407,0.7880559
2024-11-01T00:00:00.000,B DIVISION,N,peak,2852913.5,1.6412561,0.6281711,4682362.0,1792117.8,565429.9,0.19819385,0.80180615
2024-11-01T00:00:00.000,B DIVISION,Q,offpeak,3211555.0,1.2226669,0.2632981,3926661.8,845596.25,564029.94,0.17562518,0.8243748
2024-11-01T00:00:00.000,B DIVISION,Q,peak,3460366.2,1.2805818,0.5221607,4431282.0,1806867.4,647406.56,0.18709192,0.81290805
2024-11-01T00:00:00.000,B DIVISION,R,offpeak,3405462.8,1.776163,0.12451266,6048657.0,424023.22,709793.94,0.20842803,0.791572
2024-11-01T00:00:00.000,B DIVISION,R,peak,3857288.2,1.6813945,-0.033321623,6485623.0,-128531.1,672158.25,0.17425668,0.8257433
2024-11-01T00:00:00.000,B DIVISION,S Fkln,offpeak,196903.94,0.22469893,0.021614442,44244.1,4255.9688,5792.082,0.029415777,0.9705842
2024-11-01T00:00:00.000,B DIVISION,S Fkln,peak,185786.1,0.2708479,0.03500389,50319.77,6503.236,6727.8984,0.036213145,0.96378684
2024-11-01T00:00:00.000,B DIVISION,S Rock,offpeak,34131.715,1.0741476,-0.9585419,36662.5,-32716.682,3619.1284,0.106034175,0.89396584
2024-11-01T00:00:00.000,B DIVISION,S Rock,peak,22063.62,0.5820136,-1.2333992,12841.327,-27213.25,1660.1104,0.075241975,0.924758
2024-11-01T00:00:00.000,B DIVISION,W,offpeak,1226991.2,0.92883873,0.28659427,1139677.0,351648.62,133435.78,0.10875039,0.8912496
2024-11-01T00:00:00.000,B DIVISION,W,peak,1494377.8,1.1251838,-0.051728383,1681449.6,-77301.74,135332.9,0.09056138,0.9094386
2024-12-01T00:00:00.000,A DIVISION,1,offpeak,5034590.0,0.9629582,0.7380453,4848099.5,3715755.0,643165.4,0.12774931,0.8722507
2024-12-01T00:00:00.000,A DIVISION,1,peak,5552918.0,1.0202761,0.6621421,5665509.0,3676820.8,624175.44,0.11240494,0.88759506
2024-12-01T00:00:00.000,A DIVISION,2,offpeak,3078700.2,1.42567,0.7267879,4389210.5,2237562.2,555590.8,0.18046278,0.8195372
2024-12-01T00:00:00.000,A DIVISION,2,peak,3672602.5,1.1477195,0.4486904,4215117.5,1647861.6,483096.44,0.13154063,0.86845934
2024-12-01T00:00:00.000,A DIVISION,3,offpeak,2344247.5,0.9843538,0.45658174,2307569.0,1070340.6,293768.3,0.12531455,0.87468547
2024-12-01T00:00:00.000,A DIVISION,3,peak,2867204.8,0.9594973,0.42821017,2751075.0,1227766.2,305835.66,0.10666683,0.89333314
2024-12-01T00:00:00.000,A DIVISION,4,offpeak,4061860.5,0.93630624,0.360165,3803145.2,1462940.0,541052.4,0.13320309,0.8667969
2024-12-01T00:00:00.000,A DIVISION,4,peak,4294458.0,0.9324141,0.3694441,4004213.5,1586562.2,524842.25,0.12221384,0.87778616
2024-12-01T00:00:00.000,A DIVISION,5,offpeak,2769309.5,1.2185069,0.62145257,3374423.0,1720994.5,398652.22,0.14395365,0.8560463
2024-12-01T00:00:00.000,A DIVISION,5,peak,3658115.2,1.0738622,0.32557574,3928312.0,1190993.6,463947.56,0.12682694,0.87317306
2024-12-01T00:00:00.000,A DIVISION,6,offpeak,5352619.5,0.9788268,0.57907265,5239287.5,3099555.8,587825.25,0.1098201,0.8901799
2024-12-01T00:00:00.000,A DIVISION,6,peak,6026514.0,1.0891222,0.65205234,6563609.5,3929602.2,699077.06,0.116000235,0.88399976
2024-12-01T00:00:00.000,A DIVISION,7,offpeak,3937855.5,0.9241231,0.5071857,3639063.2,1997224.1,454101.0,0.11531682,0.8846832
2024-12-01T00:00:00.000,A DIVISION,7,peak,4489420.0,0.92569864,0.47618914,4155849.8,2137813.0,402728.78,0.0897062,0.9102938
2024-12-01T00:00:00.000,A DIVISION,S 42nd,offpeak,356117.38,0.47375047,-0.23318224,168710.78,-83040.25,4913.1147,0.013796336,0.9862037
2024-12-01T00:00:00.000,A DIVISION,S 42nd,peak,478859.62,0.42204693,-0.2356899,202101.23,-112862.375,2376.84,0.0049635423,0.9950365
2024-12-01T00:00:00.000,B DIVISION,A,offpeak,3733422.8,1.7670912,0.9320066,6597298.5,3479574.8,795985.94,0.21320541,0.7867946
2024-12-01T00:00:00.000,B DIVISION,A,peak,4675352.5,1.3334132,0.53974754,6234177.0,2523510.0,720395.75,0.15408373,0.8459163
2024-12-01T00:00:00.000,B DIVISION,B,offpeak,2108316.0,1.6020979,1.0702657,3377728.8,2256458.2,491023.56,0.23289846,0.7671015
2024-12-01T00:00:00.000,B DIVISION,B,peak,2911606.0,1.7316356,1.1212695,5041840.0,3264694.5,682857.75,0.23452958,0.7654704
2024-12-01T00:00:00.000,B DIVISION,C,offpeak,2612227.2,2.14858,0.6569301,5612579.5,1716050.6,495382.34,0.18963984,0.8103602
2024-12-01T00:00:00.000,B DIVISION,C,peak,2254546.5,1.9919666,0.40765437,4490981.5,919075.75,378889.12,0.16805558,0.8319444
2024-12-01T00:00:00.000,B DIVISION,D,offpeak,3017434.0,1.4033973,0.84956205,4234659.0,2563497.2,691994.6,0.22933215,0.77066785
2024-12-01T00:00:00.000,B DIVISION,D,peak,2853317.8,1.2143877,0.9392878,3465034.0,2680086.5,588467.6,0.20623976,0.79376024
2024-12-01T00:00:00.000,B DIVISION,E,offpeak,3565661.0,1.4916927,0.08730408,5318870.5,311296.75,605021.7,0.16968009,0.83031994
2024-12-01T00:00:00.000,B DIVISION,E,peak,4059400.8,1.7897754,-0.6252351,7265415.5,-2538079.8,580803.4,0.14307614,0.8569239
2024-12-01T00:00:00.000,B DIVISION,F,offpeak,4265109.0,2.489218,0.27748182,10616786.0,1183490.2,1063169.1,0.24927127,0.7507287
2024-12-01T00:00:00.000,B DIVISION,F,peak,4928532.0,2.375978,-0.34841362,11710084.0,-1717167.8,921883.8,0.18705037,0.8129496
2024-12-01T00:00:00.000,B DIVISION,G,offpeak,1359405.6,1.8876348,1.0775381,2566061.2,1464811.4,262920.06,0.1934081,0.8065919
2024-12-01T00:00:00.000,B DIVISION,G,peak,1537754.5,1.4783454,0.6790631,2273332.2,1044232.25,267223.2,0.17377493,0.82622504
2024-12-01T00:00:00.000,B DIVISION,JZ,offpeak,1477835.5,1.4524089,0.52393293,2146421.5,774286.7,288955.62,0.19552626,0.80447376
2024-12-01T00:00:00.000,B DIVISION,JZ,peak,1563652.5,1.4040341,0.7525789,2195421.5,1176771.9,327864.22,0.20967844,0.7903215
2024-12-01T00:00:00.000,B DIVISION,L,offpeak,2786963.8,0.89251953,0.6581386,2487419.5,1834208.4,256322.78,0.09197205,0.90802795
2024-12-01T00:00:00.000,B DIVISION,L,peak,2952364.2,0.9769491,0.592964,2884309.8,1750645.9,278457.62,0.094316825,0.90568316
2024-12-01T00:00:00.000,B DIVISION,M,offpeak,1860038.6,2.159854,0.13195711,4017411.5,245445.33,405896.97,0.21821964,0.78178036
2024-12-01T00:00:00.000,B DIVISION,M,peak,2132369.8,1.9315752,0.06498839,4118832.2,138579.27,434743.28,0.20387802,0.796122
2024-12-01T00:00:00.000,B DIVISION,N,offpeak,2671730.8,1.4836915,0.8127969,3964024.0,2171574.5,564546.4,0.21130362,0.78869635
2024-12-01T00:00:00.000,B DIVISION,N,peak,2978124.5,1.5859555,0.77863514,4723173.0,2318872.2,581378.94,0.19521646,0.8047835
2024-12-01T00:00:00.000,B DIVISION,Q,offpeak,3273206.8,1.489177,0.7693328,4874384.0,2518185.2,711102.25,0.21724942,0.7827506
2024-12-01T00:00:00.000,B DIVISION,Q,peak,3641934.2,1.5595517,1.1343263,5679784.5,4131142.0,838218.8,0.2301576,0.7698424
2024-12-01T00:00:00.000,B DIVISION,R,offpeak,3487791.5,2.1356428,0.12155514,7448676.5,423959.0,810239.44,0.2323073,0.7676927
2024-12-01T00:00:00.000,B DIVISION,R,peak,4011274.0,2.3063462,0.042992104,9251386.0,172453.12,920945.7,0.22958931,0.77041066
2024-12-01T00:00:00.000,B DIVISION,S Fkln,offpeak,194860.36,0.220359,0.041960016,42939.234,8176.3438,6360.0054,0.032638784,0.9673612
2024-12-01T00:00:00.000,B DIVISION,S Fkln,peak,194189.34,0.5707303,0.057167325,110829.74,11101.285,9461.589,0.048723523,0.9512765
2024-12-01T00:00:00.000,B DIVISION,S Rock,offpeak,26513.352,1.2623241,-0.90806454,33468.44,-24075.834,3445.474,0.12995242,0.87004757
2024-12-01T00:00:00.000,B DIVISION,S Rock,peak,19257.482,0.8787027,-1.183044,16921.602,-22782.447,1812.6135,0.09412515,0.90587485
2024-12-01T00:00:00.000,B DIVISION,W,offpeak,1265461.6,0.9385583,0.2576316,1187709.5,326022.94,142330.02,0.112472795,0.8875272
2024-12-01T00:00:00.000,B DIVISION,W,peak,1560615.4,1.0150304,0.01021146,1584072.1,15936.161,157289.64,0.10078694,0.8992131
