month,division,line,day_type,num_sched_trains,num_actual_trains,service_delivered
2024-01-01T00:00:00.000,A DIVISION,1,1,1696,1499,0.8838443
2024-01-01T00:00:00.000,A DIVISION,1,2,864,819,0.9479167
2024-01-01T00:00:00.000,A DIVISION,2,1,2244,2027,0.90329766
2024-01-01T00:00:00.000,A DIVISION,2,2,1117,1067,0.95523727
2024-01-01T00:00:00.000,A DIVISION,3,1,2069,1937,0.93620104
2024-01-01T00:00:00.000,A DIVISION,3,2,1069,1038,0.9710009
2024-01-01T00:00:00.000,A DIVISION,4,1,2941,2744,0.933016
2024-01-01T00:00:00.000,A DIVISION,4,2,1832,1764,0.9628821
2024-01-01T00:00:00.000,A DIVISION,5,1,2778,2550,0.91792655
2024-01-01T00:00:00.000,A DIVISION,5,2,751,741,0.98668444
2024-01-01T00:00:00.000,A DIVISION,6,1,2194,2076,0.94621694
2024-01-01T00:00:00.000,A DIVISION,6,2,1136,1098,0.9665493
2024-01-01T00:00:00.000,A DIVISION,7,1,2758,2550,0.924583
2024-01-01T00:00:00.000,A DIVISION,S 42nd,1,2103,2070,0.9843081
2024-01-01T00:00:00.000,A DIVISION,S 42nd,2,1440,1440,1.0
2024-01-01T00:00:00.000,B DIVISION,A,1,2716,2491,0.9171576
2024-01-01T00:00:00.000,B DIVISION,A,2,1480,1428,0.96486485
2024-01-01T00:00:00.000,B DIVISION,B,1,1752,1600,0.913242
2024-01-01T00:00:00.000,B DIVISION,C,1,1611,1468,0.9112353
2024-01-01T00:00:00.000,B DIVISION,C,2,1230,1163,0.94552845
2024-01-01T00:00:00.000,B DIVISION,D,1,1845,1709,0.92628723
2024-01-01T00:00:00.000,B DIVISION,D,2,1230,1180,0.9593496
2024-01-01T00:00:00.000,B DIVISION,E,1,1555,1465,0.94212216
2024-01-01T00:00:00.000,B DIVISION,E,2,913,881,0.96495074
2024-01-01T00:00:00.000,B DIVISION,F,1,3016,2634,0.87334216
2024-01-01T00:00:00.000,B DIVISION,F,2,1245,1202,0.96546185
2024-01-01T00:00:00.000,B DIVISION,G,1,978,938,0.9591002
2024-01-01T00:00:00.000,B DIVISION,G,2,1783,1789,1.0033652
2024-01-01T00:00:00.000,B DIVISION,JZ,1,1074,1024,0.9534451
2024-01-01T00:00:00.000,B DIVISION,JZ,2,861,819,0.9512195
2024-01-01T00:00:00.000,B DIVISION,L,1,2049,1939,0.9463153
2024-01-01T00:00:00.000,B DIVISION,L,2,1539,1469,0.95451593
2024-01-01T00:00:00.000,B DIVISION,M,1,758,756,0.9973615
2024-01-01T00:00:00.000,B DIVISION,M,2,866,843,0.9734411
2024-01-01T00:00:00.000,B DIVISION,N,1,1919,1739,0.9062011
2024-01-01T00:00:00.000,B DIVISION,N,2,625,576,0.9216
2024-01-01T00:00:00.000,B DIVISION,Q,1,2124,1916,0.90207154
2024-01-01T00:00:00.000,B DIVISION,Q,2,457,418,0.9146608
2024-01-01T00:00:00.000,B DIVISION,R,1,2345,2119,0.9036247
2024-01-01T00:00:00.000,B DIVISION,R,2,1841,1695,0.92069525
2024-01-01T00:00:00.000,B DIVISION,S Fkln,1,762,760,0.9973753
2024-01-01T00:00:00.000,B DIVISION,S Fkln,2,664,658,0.9909639
2024-01-01T00:00:00.000,B DIVISION,S Rock,1,439,439,1.0
2024-01-01T00:00:00.000,B DIVISION,S Rock,2,429,426,0.993007
2024-01-01T00:00:00.000,B DIVISION,W,1,831,741,0.89169675
2024-02-01T00:00:00.000,A DIVISION,1,1,1627,1529,0.93976647
2024-02-01T00:00:00.000,A DIVISION,1,2,1065,1005,0.943662
2024-02-01T00:00:00.000,A DIVISION,2,1,2104,1938,0.92110264
2024-02-01T00:00:00.000,A DIVISION,2,2,1508,1345,0.89190984
2024-02-01T00:00:00.000,A DIVISION,3,1,1988,1880,0.94567406
2024-02-01T00:00:00.000,A DIVISION,3,2,615,587,0.9544715
2024-02-01T00:00:00.000,A DIVISION,4,1,2696,2593,0.9617953
2024-02-01T00:00:00.000,A DIVISION,4,2,1856,1697,0.9143319
2024-02-01T00:00:00.000,A DIVISION,5,1,2459,2285,0.9292395
2024-02-01T00:00:00.000,A DIVISION,5,2,798,745,0.933584
2024-02-01T00:00:00.000,A DIVISION,6,1,1953,1843,0.9436764
2024-02-01T00:00:00.000,A DIVISION,6,2,1111,1058,0.95229524
2024-02-01T00:00:00.000,A DIVISION,7,1,2663,2594,0.9740894
2024-02-01T00:00:00.000,A DIVISION,7,2,1040,1027,0.9875
2024-02-01T00:00:00.000,A DIVISION,S 42nd,1,1966,1959,0.99643946
2024-02-01T00:00:00.000,A DIVISION,S 42nd,2,1392,1392,1.0
2024-02-01T00:00:00.000,B DIVISION,A,1,2405,2262,0.94054055
2024-02-01T00:00:00.000,B DIVISION,A,2,1253,1227,0.9792498
2024-02-01T00:00:00.000,B DIVISION,B,1,1537,1394,0.9069616
2024-02-01T00:00:00.000,B DIVISION,C,1,1473,1336,0.90699255
2024-02-01T00:00:00.000,B DIVISION,C,2,1050,975,0.9285714
2024-02-01T00:00:00.000,B DIVISION,D,1,1749,1623,0.92795885
2024-02-01T00:00:00.000,B DIVISION,D,2,1210,1144,0.94545454
2024-02-01T00:00:00.000,B DIVISION,E,1,1343,1229,0.9151154
2024-02-01T00:00:00.000,B DIVISION,E,2,530,509,0.96037734
2024-02-01T00:00:00.000,B DIVISION,F,1,2734,2399,0.8774689
2024-02-01T00:00:00.000,B DIVISION,F,2,759,729,0.9604743
2024-02-01T00:00:00.000,B DIVISION,G,1,898,834,0.9287305
2024-02-01T00:00:00.000,B DIVISION,G,2,1353,1335,0.98669624
2024-02-01T00:00:00.000,B DIVISION,JZ,1,968,933,0.963843
2024-02-01T00:00:00.000,B DIVISION,JZ,2,621,583,0.9388084
2024-02-01T00:00:00.000,B DIVISION,L,1,1846,1800,0.97508126
2024-02-01T00:00:00.000,B DIVISION,L,2,1581,1453,0.9190386
2024-02-01T00:00:00.000,B DIVISION,M,1,653,645,0.98774886
2024-02-01T00:00:00.000,B DIVISION,M,2,645,611,0.94728684
2024-02-01T00:00:00.000,B DIVISION,N,1,1780,1657,0.9308989
2024-02-01T00:00:00.000,B DIVISION,N,2,1233,1148,0.93106246
2024-02-01T00:00:00.000,B DIVISION,Q,1,1972,1832,0.9290061
2024-02-01T00:00:00.000,B DIVISION,Q,2,1518,1429,0.94137025
2024-02-01T00:00:00.000,B DIVISION,R,1,2134,1917,0.89831305
2024-02-01T00:00:00.000,B DIVISION,R,2,1080,1034,0.9574074
2024-02-01T00:00:00.000,B DIVISION,S Fkln,1,684,684,1.0
2024-02-01T00:00:00.000,B DIVISION,S Fkln,2,654,638,0.97553515
2024-02-01T00:00:00.000,B DIVISION,S Rock,1,399,401,1.0050125
2024-02-01T00:00:00.000,B DIVISION,S Rock,2,427,423,0.9906323
2024-02-01T00:00:00.000,B DIVISION,W,1,745,657,0.8818792
2024-03-01T00:00:00.000,A DIVISION,1,1,1708,1610,0.94262296
2024-03-01T00:00:00.000,A DIVISION,1,2,1170,1133,0.96837604
2024-03-01T00:00:00.000,A DIVISION,2,1,2221,2113,0.9513733
2024-03-01T00:00:00.000,A DIVISION,2,2,1537,1413,0.9193234
2024-03-01T00:00:00.000,A DIVISION,3,1,2090,2034,0.97320575
2024-03-01T00:00:00.000,A DIVISION,3,2,1513,1451,0.9590218
2024-03-01T00:00:00.000,A DIVISION,4,1,2822,2675,0.9479093
2024-03-01T00:00:00.000,A DIVISION,4,2,2319,2206,0.9512721
2024-03-01T00:00:00.000,A DIVISION,5,1,2627,2407,0.9162543
2024-03-01T00:00:00.000,A DIVISION,5,2,1399,1350,0.964975
2024-03-01T00:00:00.000,A DIVISION,6,1,2129,1953,0.91733205
2024-03-01T00:00:00.000,A DIVISION,6,2,1419,1390,0.97956306
2024-03-01T00:00:00.000,A DIVISION,7,1,2644,2608,0.9863843
2024-03-01T00:00:00.000,A DIVISION,7,2,897,890,0.9921962
2024-03-01T00:00:00.000,A DIVISION,S 42nd,1,2052,2048,0.9980507
2024-03-01T00:00:00.000,A DIVISION,S 42nd,2,1812,1796,0.99117
2024-03-01T00:00:00.000,B DIVISION,A,1,2583,2414,0.9345722
2024-03-01T00:00:00.000,B DIVISION,A,2,1863,1833,0.9838969
2024-03-01T00:00:00.000,B DIVISION,B,1,1639,1483,0.90482
2024-03-01T00:00:00.000,B DIVISION,C,1,1521,1410,0.9270217
2024-03-01T00:00:00.000,B DIVISION,C,2,1530,1465,0.9575163
2024-03-01T00:00:00.000,B DIVISION,D,1,1832,1719,0.9383188
2024-03-01T00:00:00.000,B DIVISION,D,2,1525,1487,0.975082
2024-03-01T00:00:00.000,B DIVISION,E,1,1479,1379,0.93238676
2024-03-01T00:00:00.000,B DIVISION,E,2,917,892,0.9727372
2024-03-01T00:00:00.000,B DIVISION,F,1,1807,1711,0.94687325
2024-03-01T00:00:00.000,B DIVISION,F,2,1116,1096,0.98207885
2024-03-01T00:00:00.000,B DIVISION,G,1,910,875,0.96153843
2024-03-01T00:00:00.000,B DIVISION,G,2,2162,2109,0.9754857
2024-03-01T00:00:00.000,B DIVISION,JZ,1,1034,1009,0.97582203
2024-03-01T00:00:00.000,B DIVISION,JZ,2,1053,1016,0.9648623
2024-03-01T00:00:00.000,B DIVISION,L,1,1928,1919,0.99533194
2024-03-01T00:00:00.000,B DIVISION,L,2,1313,1287,0.980198
2024-03-01T00:00:00.000,B DIVISION,M,1,711,720,1.0126582
2024-03-01T00:00:00.000,B DIVISION,M,2,999,975,0.975976
2024-03-01T00:00:00.000,B DIVISION,N,1,1819,1719,0.9450247
2024-03-01T00:00:00.000,B DIVISION,N,2,1227,1190,0.9698452
2024-03-01T00:00:00.000,B DIVISION,Q,1,2086,1961,0.9400767
2024-03-01T00:00:00.000,B DIVISION,Q,2,931,915,0.9828142
2024-03-01T00:00:00.000,B DIVISION,R,1,2190,2013,0.91917807
2024-03-01T00:00:00.000,B DIVISION,R,2,1849,1817,0.9826934
2024-03-01T00:00:00.000,B DIVISION,S Fkln,1,726,728,1.0027548
2024-03-01T00:00:00.000,B DIVISION,S Fkln,2,858,848,0.98834497
2024-03-01T00:00:00.000,B DIVISION,S Rock,1,420,416,0.9904762
2024-03-01T00:00:00.000,B DIVISION,S Rock,2,532,525,0.9868421
2024-03-01T00:00:00.000,B DIVISION,W,1,786,727,0.9249364
2024-04-01T00:00:00.000,A DIVISION,1,1,1796,1707,0.9504454
2024-04-01T00:00:00.000,A DIVISION,1,2,995,969,0.9738693
2024-04-01T00:00:00.000,A DIVISION,2,1,2322,2190,0.9431524
2024-04-01T00:00:00.000,A DIVISION,2,2,1359,1309,0.96320826
2024-04-01T00:00:00.000,A DIVISION,3,1,2158,2048,0.9490269
2024-04-01T00:00:00.000,A DIVISION,3,2,895,886,0.98994416
2024-04-01T00:00:00.000,A DIVISION,4,1,2928,2826,0.96516395
2024-04-01T00:00:00.000,A DIVISION,4,2,1852,1820,0.9827214
2024-04-01T00:00:00.000,A DIVISION,5,1,2592,2463,0.9502315
2024-04-01T00:00:00.000,A DIVISION,5,2,988,931,0.9423077
2024-04-01T00:00:00.000,A DIVISION,6,1,2165,2094,0.9672055
2024-04-01T00:00:00.000,A DIVISION,6,2,1129,1106,0.97962797
2024-04-01T00:00:00.000,A DIVISION,7,1,2748,2582,0.9395924
2024-04-01T00:00:00.000,A DIVISION,7,2,899,905,1.006674
2024-04-01T00:00:00.000,A DIVISION,S 42nd,1,2190,2183,0.99680364
2024-04-01T00:00:00.000,A DIVISION,S 42nd,2,1395,1380,0.9892473
2024-04-01T00:00:00.000,B DIVISION,A,1,2756,2645,0.95972425
2024-04-01T00:00:00.000,B DIVISION,A,2,1253,1231,0.98244214
2024-04-01T00:00:00.000,B DIVISION,B,1,1779,1663,0.93479484
2024-04-01T00:00:00.000,B DIVISION,C,1,1598,1522,0.95244056
2024-04-01T00:00:00.000,B DIVISION,C,2,1075,1031,0.9590698
2024-04-01T00:00:00.000,B DIVISION,D,1,1933,1865,0.9648215
2024-04-01T00:00:00.000,B DIVISION,D,2,1230,1203,0.9780488
2024-04-01T00:00:00.000,B DIVISION,E,1,1635,1506,0.9211009
2024-04-01T00:00:00.000,B DIVISION,E,2,690,681,0.98695654
2024-04-01T00:00:00.000,B DIVISION,F,1,3039,2835,0.93287265
2024-04-01T00:00:00.000,B DIVISION,F,2,1220,1205,0.98770493
2024-04-01T00:00:00.000,B DIVISION,G,1,995,944,0.9487437
2024-04-01T00:00:00.000,B DIVISION,G,2,1802,1783,0.9894562
2024-04-01T00:00:00.000,B DIVISION,JZ,1,1074,1035,0.9636871
2024-04-01T00:00:00.000,B DIVISION,JZ,2,835,829,0.99281436
2024-04-01T00:00:00.000,B DIVISION,L,1,2025,1975,0.97530866
2024-04-01T00:00:00.000,B DIVISION,L,2,704,688,0.97727275
2024-04-01T00:00:00.000,B DIVISION,M,1,1896,1743,0.9193038
2024-04-01T00:00:00.000,B DIVISION,M,2,814,774,0.95085996
2024-04-01T00:00:00.000,B DIVISION,N,1,1913,1806,0.9440669
2024-04-01T00:00:00.000,B DIVISION,N,2,956,925,0.9675732
2024-04-01T00:00:00.000,B DIVISION,Q,1,2180,2089,0.9582569
2024-04-01T00:00:00.000,B DIVISION,Q,2,1576,1496,0.9492386
2024-04-01T00:00:00.000,B DIVISION,R,1,2199,2023,0.9199636
2024-04-01T00:00:00.000,B DIVISION,R,2,1286,1219,0.9479005
2024-04-01T00:00:00.000,B DIVISION,S Fkln,1,756,754,0.9973545
2024-04-01T00:00:00.000,B DIVISION,S Fkln,2,654,649,0.99235475
2024-04-01T00:00:00.000,B DIVISION,S Rock,1,454,456,1.0044053
2024-04-01T00:00:00.000,B DIVISION,S Rock,2,434,432,0.9953917
2024-04-01T00:00:00.000,B DIVISION,W,1,819,760,0.92796093
2024-05-01T00:00:00.000,A DIVISION,1,1,1744,1670,0.9575688
2024-05-01T00:00:00.000,A DIVISION,1,2,972,911,0.9372428
2024-05-01T00:00:00.000,A DIVISION,2,1,2394,2296,0.9590643
2024-05-01T00:00:00.000,A DIVISION,2,2,1362,1320,0.969163
2024-05-01T00:00:00.000,A DIVISION,3,1,2193,2113,0.9635203
2024-05-01T00:00:00.000,A DIVISION,3,2,1235,1231,0.99676114
2024-05-01T00:00:00.000,A DIVISION,4,1,2894,2770,0.9571527
2024-05-01T00:00:00.000,A DIVISION,4,2,1844,1739,0.94305855
2024-05-01T00:00:00.000,A DIVISION,5,1,2740,2605,0.9507299
2024-05-01T00:00:00.000,A DIVISION,5,2,979,926,0.9458631
2024-05-01T00:00:00.000,A DIVISION,6,1,2158,2056,0.952734
2024-05-01T00:00:00.000,A DIVISION,6,2,1035,977,0.9439614
2024-05-01T00:00:00.000,A DIVISION,7,1,2782,2644,0.9503954
2024-05-01T00:00:00.000,A DIVISION,7,2,1116,1115,0.99910396
2024-05-01T00:00:00.000,A DIVISION,S 42nd,1,2171,2165,0.9972363
2024-05-01T00:00:00.000,A DIVISION,S 42nd,2,1380,1380,1.0
2024-05-01T00:00:00.000,B DIVISION,A,1,2725,2593,0.95155966
2024-05-01T00:00:00.000,B DIVISION,A,2,1278,1240,0.97026604
2024-05-01T00:00:00.000,B DIVISION,B,1,1770,1613,0.9112994
2024-05-01T00:00:00.000,B DIVISION,C,1,1631,1518,0.93071735
2024-05-01T00:00:00.000,B DIVISION,C,2,1079,1039,0.96292865
2024-05-01T00:00:00.000,B DIVISION,D,1,1915,1815,0.94778067
2024-05-01T00:00:00.000,B DIVISION,D,2,1225,1196,0.9763265
2024-05-01T00:00:00.000,B DIVISION,E,1,1634,1552,0.9498164
2024-05-01T00:00:00.000,B DIVISION,E,2,475,460,0.96842104
2024-05-01T00:00:00.000,B DIVISION,F,1,3085,2898,0.9393841
2024-05-01T00:00:00.000,B DIVISION,F,2,1234,1061,0.8598055
2024-05-01T00:00:00.000,B DIVISION,G,1,985,948,0.96243656
2024-05-01T00:00:00.000,B DIVISION,G,2,1551,1538,0.99161834
2024-05-01T00:00:00.000,B DIVISION,JZ,1,1099,1070,0.97361237
2024-05-01T00:00:00.000,B DIVISION,JZ,2,654,630,0.96330273
2024-05-01T00:00:00.000,B DIVISION,L,1,2047,1992,0.9731314
2024-05-01T00:00:00.000,B DIVISION,L,2,960,953,0.9927083
2024-05-01T00:00:00.000,B DIVISION,M,1,1897,1751,0.9230364
2024-05-01T00:00:00.000,B DIVISION,M,2,862,841,0.97563803
2024-05-01T00:00:00.000,B DIVISION,N,1,1964,1824,0.9287169
2024-05-01T00:00:00.000,B DIVISION,N,2,1226,1189,0.96982056
2024-05-01T00:00:00.000,B DIVISION,Q,1,2190,2087,0.95296806
2024-05-01T00:00:00.000,B DIVISION,Q,2,1626,1579,0.9710947
2024-05-01T00:00:00.000,B DIVISION,R,1,2222,2045,0.920342
2024-05-01T00:00:00.000,B DIVISION,R,2,1010,975,0.9653465
2024-05-01T00:00:00.000,B DIVISION,S Fkln,1,732,729,0.99590164
2024-05-01T00:00:00.000,B DIVISION,S Fkln,2,686,678,0.9883382
2024-05-01T00:00:00.000,B DIVISION,S Rock,1,450,451,1.0022222
2024-05-01T00:00:00.000,B DIVISION,S Rock,2,226,225,0.99557525
2024-05-01T00:00:00.000,B DIVISION,W,1,812,741,0.9125616
2024-06-01T00:00:00.000,A DIVISION,1,1,1594,1509,0.946675
2024-06-01T00:00:00.000,A DIVISION,1,2,1284,1232,0.95950156
2024-06-01T00:00:00.000,A DIVISION,2,1,2161,2007,0.9287367
2024-06-01T00:00:00.000,A DIVISION,2,2,2017,1924,0.95389193
2024-06-01T00:00:00.000,A DIVISION,3,1,1957,1892,0.9667859
2024-06-01T00:00:00.000,A DIVISION,3,2,1561,1528,0.9788597
2024-06-01T00:00:00.000,A DIVISION,4,1,2649,2487,0.93884486
2024-06-01T00:00:00.000,A DIVISION,4,2,2330,2260,0.96995705
2024-06-01T00:00:00.000,A DIVISION,5,1,2497,2286,0.9154986
2024-06-01T00:00:00.000,A DIVISION,5,2,988,934,0.94534415
2024-06-01T00:00:00.000,A DIVISION,6,1,1987,1894,0.95319575
2024-06-01T00:00:00.000,A DIVISION,6,2,1206,1156,0.9585406
2024-06-01T00:00:00.000,A DIVISION,7,1,2576,2432,0.94409937
2024-06-01T00:00:00.000,A DIVISION,7,2,1677,1636,0.9755516
2024-06-01T00:00:00.000,A DIVISION,S 42nd,1,1935,1915,0.9896641
2024-06-01T00:00:00.000,A DIVISION,S 42nd,2,1728,1727,0.9994213
2024-06-01T00:00:00.000,B DIVISION,A,1,2464,2329,0.94521105
2024-06-01T00:00:00.000,B DIVISION,A,2,1756,1625,0.92539865
2024-06-01T00:00:00.000,B DIVISION,B,1,1649,1498,0.9084293
2024-06-01T00:00:00.000,B DIVISION,C,1,1443,1329,0.9209979
2024-06-01T00:00:00.000,B DIVISION,C,2,1475,1363,0.9240678
2024-06-01T00:00:00.000,B DIVISION,D,1,1775,1681,0.9470422
2024-06-01T00:00:00.000,B DIVISION,D,2,1566,1458,0.9310345
2024-06-01T00:00:00.000,B DIVISION,E,1,1501,1403,0.9347102
2024-06-01T00:00:00.000,B DIVISION,E,2,785,755,0.96178347
2024-06-01T00:00:00.000,B DIVISION,F,1,2758,2630,0.95358956
2024-06-01T00:00:00.000,B DIVISION,F,2,1555,1416,0.9106109
2024-06-01T00:00:00.000,B DIVISION,G,1,910,867,0.9527472
2024-06-01T00:00:00.000,B DIVISION,G,2,1927,1880,0.9756098
2024-06-01T00:00:00.000,B DIVISION,JZ,1,980,937,0.95612246
2024-06-01T00:00:00.000,B DIVISION,JZ,2,851,822,0.9659224
2024-06-01T00:00:00.000,B DIVISION,L,1,1626,1487,0.9145141
2024-06-01T00:00:00.000,B DIVISION,L,2,1103,1034,0.9374433
2024-06-01T00:00:00.000,B DIVISION,M,1,1716,1561,0.90967363
2024-06-01T00:00:00.000,B DIVISION,M,2,732,689,0.9412568
2024-06-01T00:00:00.000,B DIVISION,N,1,1784,1715,0.96132284
2024-06-01T00:00:00.000,B DIVISION,N,2,1406,1328,0.94452345
2024-06-01T00:00:00.000,B DIVISION,Q,1,2008,1881,0.936753
2024-06-01T00:00:00.000,B DIVISION,Q,2,1992,1893,0.95030123
2024-06-01T00:00:00.000,B DIVISION,R,1,1982,1844,0.9303734
2024-06-01T00:00:00.000,B DIVISION,R,2,1240,1171,0.94435483
2024-06-01T00:00:00.000,B DIVISION,S Fkln,1,678,674,0.9941003
2024-06-01T00:00:00.000,B DIVISION,S Fkln,2,528,528,1.0
2024-06-01T00:00:00.000,B DIVISION,S Rock,1,404,405,1.0024753
2024-06-01T00:00:00.000,B DIVISION,S Rock,2,552,540,0.9782609
2024-06-01T00:00:00.000,B DIVISION,W,1,760,705,0.92763156
2024-07-01T00:00:00.000,A DIVISION,1,1,1848,1738,0.9404762
2024-07-01T00:00:00.000,A DIVISION,1,2,959,948,0.98852974
2024-07-01T00:00:00.000,A DIVISION,2,1,2439,2284,0.93644935
2024-07-01T00:00:00.000,A DIVISION,2,2,1270,1213,0.9551181
2024-07-01T00:00:00.000,A DIVISION,3,1,2266,2116,0.93380404
2024-07-01T00:00:00.000,A DIVISION,3,2,1280,1241,0.96953124
2024-07-01T00:00:00.000,A DIVISION,4,1,3036,2876,0.94729906
2024-07-01T00:00:00.000,A DIVISION,4,2,1904,1791,0.94065124
2024-07-01T00:00:00.000,A DIVISION,5,1,2836,2633,0.9284203
2024-07-01T00:00:00.000,A DIVISION,5,2,768,736,0.9583333
2024-07-01T00:00:00.000,A DIVISION,6,1,2264,2135,0.9430212
2024-07-01T00:00:00.000,A DIVISION,6,2,956,932,0.9748954
2024-07-01T00:00:00.000,A DIVISION,7,1,2947,2855,0.9687818
2024-07-01T00:00:00.000,A DIVISION,7,2,1272,1275,1.0023584
2024-07-01T00:00:00.000,A DIVISION,S 42nd,1,2222,2212,0.99549955
2024-07-01T00:00:00.000,A DIVISION,S 42nd,2,1420,1419,0.9992958
2024-07-01T00:00:00.000,B DIVISION,A,1,2838,2653,0.93481326
2024-07-01T00:00:00.000,B DIVISION,A,2,1528,1403,0.9181937
2024-07-01T00:00:00.000,B DIVISION,B,1,1783,1605,0.90016824
2024-07-01T00:00:00.000,B DIVISION,C,1,1597,1443,0.9035692
2024-07-01T00:00:00.000,B DIVISION,C,2,1279,1108,0.8663018
2024-07-01T00:00:00.000,B DIVISION,D,1,1995,1822,0.9132832
2024-07-01T00:00:00.000,B DIVISION,D,2,1280,1212,0.946875
2024-07-01T00:00:00.000,B DIVISION,E,1,1716,1602,0.93356645
2024-07-01T00:00:00.000,B DIVISION,E,2,640,624,0.975
2024-07-01T00:00:00.000,B DIVISION,F,1,3045,2800,0.9195402
2024-07-01T00:00:00.000,B DIVISION,F,2,1280,1151,0.89921874
2024-07-01T00:00:00.000,B DIVISION,G,1,936,913,0.9754273
2024-07-01T00:00:00.000,B DIVISION,G,2,744,737,0.9905914
2024-07-01T00:00:00.000,B DIVISION,JZ,1,1113,1055,0.9478886
2024-07-01T00:00:00.000,B DIVISION,JZ,2,660,660,1.0
2024-07-01T00:00:00.000,B DIVISION,L,1,2110,1984,0.9402844
2024-07-01T00:00:00.000,B DIVISION,L,2,1596,1534,0.9611529
2024-07-01T00:00:00.000,B DIVISION,M,1,1911,1776,0.92935634
2024-07-01T00:00:00.000,B DIVISION,M,2,660,654,0.9909091
2024-07-01T00:00:00.000,B DIVISION,N,1,1911,1794,0.93877554
2024-07-01T00:00:00.000,B DIVISION,N,2,1280,1196,0.934375
2024-07-01T00:00:00.000,B DIVISION,Q,1,2163,2013,0.93065184
2024-07-01T00:00:00.000,B DIVISION,Q,2,1776,1739,0.9791667
2024-07-01T00:00:00.000,B DIVISION,R,1,2163,1971,0.9112344
2024-07-01T00:00:00.000,B DIVISION,R,2,1200,1150,0.9583333
2024-07-01T00:00:00.000,B DIVISION,S Fkln,1,756,754,0.9973545
2024-07-01T00:00:00.000,B DIVISION,S Fkln,2,528,528,1.0
2024-07-01T00:00:00.000,B DIVISION,S Rock,1,462,461,0.9978355
2024-07-01T00:00:00.000,B DIVISION,S Rock,2,452,431,0.95353985
2024-07-01T00:00:00.000,B DIVISION,W,1,819,745,0.9096459
2024-08-01T00:00:00.000,A DIVISION,1,1,1848,1763,0.95400435
2024-08-01T00:00:00.000,A DIVISION,1,2,1296,1249,0.96373457
2024-08-01T00:00:00.000,A DIVISION,2,1,2441,2239,0.91724706
2024-08-01T00:00:00.000,A DIVISION,2,2,1881,1799,0.9564062
2024-08-01T00:00:00.000,A DIVISION,3,1,2266,2148,0.94792587
2024-08-01T00:00:00.000,A DIVISION,3,2,1439,1407,0.97776234
2024-08-01T00:00:00.000,A DIVISION,4,1,3036,2881,0.948946
2024-08-01T00:00:00.000,A DIVISION,4,2,2145,2103,0.9804196
2024-08-01T00:00:00.000,A DIVISION,5,1,2836,2553,0.9002116
2024-08-01T00:00:00.000,A DIVISION,5,2,864,851,0.9849537
2024-08-01T00:00:00.000,A DIVISION,6,1,2258,2122,0.9397697
2024-08-01T00:00:00.000,A DIVISION,6,2,1253,1218,0.97206706
2024-08-01T00:00:00.000,A DIVISION,7,1,2948,2764,0.9375848
2024-08-01T00:00:00.000,A DIVISION,7,2,1360,1326,0.975
2024-08-01T00:00:00.000,A DIVISION,S 42nd,1,2121,1906,0.8986327
2024-08-01T00:00:00.000,A DIVISION,S 42nd,2,1656,1590,0.96014494
2024-08-01T00:00:00.000,B DIVISION,A,1,2824,2687,0.95148724
2024-08-01T00:00:00.000,B DIVISION,A,2,1624,1546,0.95197046
2024-08-01T00:00:00.000,B DIVISION,B,1,1867,1741,0.93251204
2024-08-01T00:00:00.000,B DIVISION,C,1,1672,1542,0.9222488
2024-08-01T00:00:00.000,B DIVISION,C,2,1360,1293,0.9507353
2024-08-01T00:00:00.000,B DIVISION,D,1,2090,1955,0.9354067
2024-08-01T00:00:00.000,B DIVISION,D,2,1440,1390,0.9652778
2024-08-01T00:00:00.000,B DIVISION,E,1,1716,1619,0.9434732
2024-08-01T00:00:00.000,B DIVISION,E,2,719,689,0.9582754
2024-08-01T00:00:00.000,B DIVISION,F,1,3190,3010,0.94357365
2024-08-01T00:00:00.000,B DIVISION,F,2,1440,1319,0.91597223
2024-08-01T00:00:00.000,B DIVISION,G,1,308,303,0.98376626
2024-08-01T00:00:00.000,B DIVISION,G,2,852,847,0.99413145
2024-08-01T00:00:00.000,B DIVISION,JZ,1,1166,1121,0.9614065
2024-08-01T00:00:00.000,B DIVISION,JZ,2,756,763,1.0092592
2024-08-01T00:00:00.000,B DIVISION,L,1,2111,2032,0.962577
2024-08-01T00:00:00.000,B DIVISION,L,2,1827,1769,0.96825397
2024-08-01T00:00:00.000,B DIVISION,M,1,2002,1896,0.94705296
2024-08-01T00:00:00.000,B DIVISION,M,2,780,770,0.98717946
2024-08-01T00:00:00.000,B DIVISION,N,1,2002,1890,0.9440559
2024-08-01T00:00:00.000,B DIVISION,N,2,1440,1382,0.9597222
2024-08-01T00:00:00.000,B DIVISION,Q,1,2258,2140,0.9477414
2024-08-01T00:00:00.000,B DIVISION,Q,2,1929,1883,0.97615343
2024-08-01T00:00:00.000,B DIVISION,R,1,2266,2117,0.93424535
2024-08-01T00:00:00.000,B DIVISION,R,2,1320,1285,0.9734849
2024-08-01T00:00:00.000,B DIVISION,S Fkln,1,792,793,1.0012627
2024-08-01T00:00:00.000,B DIVISION,S Fkln,2,448,448,1.0
2024-08-01T00:00:00.000,B DIVISION,S Rock,1,462,446,0.965368
2024-08-01T00:00:00.000,B DIVISION,S Rock,2,517,511,0.98839456
2024-08-01T00:00:00.000,B DIVISION,W,1,858,788,0.9184149
2024-08-01T00:00:00.000,B DIVISION,W,2,94,83,0.88297874
2024-09-01T00:00:00.000,A DIVISION,1,1,1680,1610,0.9583333
2024-09-01T00:00:00.000,A DIVISION,1,2,1410,1365,0.9680851
2024-09-01T00:00:00.000,A DIVISION,2,1,2140,2062,0.9635514
2024-09-01T00:00:00.000,A DIVISION,2,2,2022,1986,0.98219585
2024-09-01T00:00:00.000,A DIVISION,3,1,2060,2002,0.9718447
2024-09-01T00:00:00.000,A DIVISION,3,2,831,821,0.9879663
2024-09-01T00:00:00.000,A DIVISION,4,1,2759,2613,0.9470823
2024-09-01T00:00:00.000,A DIVISION,4,2,2379,2371,0.9966372
2024-09-01T00:00:00.000,A DIVISION,5,1,2434,2282,0.9375514
2024-09-01T00:00:00.000,A DIVISION,5,2,1144,1021,0.8924825
2024-09-01T00:00:00.000,A DIVISION,6,1,2060,1953,0.94805825
2024-09-01T00:00:00.000,A DIVISION,6,2,1400,1312,0.93714285
2024-09-01T00:00:00.000,A DIVISION,7,1,2680,2631,0.9817164
2024-09-01T00:00:00.000,A DIVISION,7,2,1472,1470,0.9986413
2024-09-01T00:00:00.000,A DIVISION,GS,1,2020,2006,0.9930693
2024-09-01T00:00:00.000,A DIVISION,GS,2,1812,1810,0.99889624
2024-09-01T00:00:00.000,B DIVISION,A,1,2560,2436,0.9515625
2024-09-01T00:00:00.000,B DIVISION,A,2,1403,1370,0.976479
2024-09-01T00:00:00.000,B DIVISION,B,1,1697,1551,0.9139658
2024-09-01T00:00:00.000,B DIVISION,C,1,1520,1411,0.9282895
2024-09-01T00:00:00.000,B DIVISION,C,2,1200,1183,0.98583335
2024-09-01T00:00:00.000,B DIVISION,D,1,1900,1753,0.92263156
2024-09-01T00:00:00.000,B DIVISION,D,2,1600,1581,0.988125
2024-09-01T00:00:00.000,B DIVISION,E,1,1560,1412,0.9051282
2024-09-01T00:00:00.000,B DIVISION,E,2,800,787,0.98375
2024-09-01T00:00:00.000,B DIVISION,F,1,2900,2675,0.92241377
2024-09-01T00:00:00.000,B DIVISION,F,2,1520,1490,0.9802632
2024-09-01T00:00:00.000,B DIVISION,FS,1,720,720,1.0
2024-09-01T00:00:00.000,B DIVISION,FS,2,864,849,0.9826389
2024-09-01T00:00:00.000,B DIVISION,G,1,940,901,0.95851064
2024-09-01T00:00:00.000,B DIVISION,G,2,1700,1681,0.98882353
2024-09-01T00:00:00.000,B DIVISION,H,1,420,427,1.0166667
2024-09-01T00:00:00.000,B DIVISION,H,2,548,543,0.9908759
2024-09-01T00:00:00.000,B DIVISION,JZ,1,1061,1027,0.96795475
2024-09-01T00:00:00.000,B DIVISION,JZ,2,1106,1013,0.9159132
2024-09-01T00:00:00.000,B DIVISION,L,1,1919,1867,0.97290254
2024-09-01T00:00:00.000,B DIVISION,L,2,1586,1540,0.9709962
2024-09-01T00:00:00.000,B DIVISION,M,1,1820,1675,0.9203297
2024-09-01T00:00:00.000,B DIVISION,M,2,578,569,0.98442906
2024-09-01T00:00:00.000,B DIVISION,N,1,1820,1724,0.94725275
2024-09-01T00:00:00.000,B DIVISION,N,2,1441,1401,0.9722415
2024-09-01T00:00:00.000,B DIVISION,Q,1,2060,1966,0.95436895
2024-09-01T00:00:00.000,B DIVISION,Q,2,1778,1733,0.9746907
2024-09-01T00:00:00.000,B DIVISION,R,1,2060,1850,0.89805824
2024-09-01T00:00:00.000,B DIVISION,R,2,1440,1367,0.94930553
2024-09-01T00:00:00.000,B DIVISION,W,1,780,725,0.92948717
2024-10-01T00:00:00.000,A DIVISION,1,1,1932,1872,0.9689441
2024-10-01T00:00:00.000,A DIVISION,1,2,1248,1201,0.96233976
2024-10-01T00:00:00.000,A DIVISION,2,1,2552,2458,0.9631661
2024-10-01T00:00:00.000,A DIVISION,2,2,1705,1646,0.96539587
2024-10-01T00:00:00.000,A DIVISION,3,1,2369,2293,0.96791893
2024-10-01T00:00:00.000,A DIVISION,3,2,1536,1506,0.98046875
2024-10-01T00:00:00.000,A DIVISION,4,1,3173,3010,0.9486291
2024-10-01T00:00:00.000,A DIVISION,4,2,1903,1881,0.9884393
2024-10-01T00:00:00.000,A DIVISION,5,1,2967,2773,0.93461406
2024-10-01T00:00:00.000,A DIVISION,5,2,864,868,1.0046296
2024-10-01T00:00:00.000,A DIVISION,6,1,2369,2241,0.94596875
2024-10-01T00:00:00.000,A DIVISION,6,2,1026,1001,0.9756335
2024-10-01T00:00:00.000,A DIVISION,7,1,3082,2881,0.9347826
2024-10-01T00:00:00.000,A DIVISION,7,2,960,949,0.98854166
2024-10-01T00:00:00.000,A DIVISION,GS,1,2323,2320,0.99870855
2024-10-01T00:00:00.000,A DIVISION,GS,2,1464,1432,0.9781421
2024-10-01T00:00:00.000,B DIVISION,A,1,2945,2852,0.96842104
2024-10-01T00:00:00.000,B DIVISION,A,2,1403,1349,0.9615111
2024-10-01T00:00:00.000,B DIVISION,B,1,1926,1750,0.9086189
2024-10-01T00:00:00.000,B DIVISION,C,1,1748,1664,0.95194507
2024-10-01T00:00:00.000,B DIVISION,C,2,1120,1038,0.9267857
2024-10-01T00:00:00.000,B DIVISION,D,1,2185,2051,0.9386728
2024-10-01T00:00:00.000,B DIVISION,D,2,1279,1237,0.96716183
2024-10-01T00:00:00.000,B DIVISION,E,1,1794,1700,0.9476031
2024-10-01T00:00:00.000,B DIVISION,E,2,640,636,0.99375
2024-10-01T00:00:00.000,B DIVISION,F,1,3335,3191,0.95682156
2024-10-01T00:00:00.000,B DIVISION,F,2,1280,1251,0.97734374
2024-10-01T00:00:00.000,B DIVISION,FS,1,828,808,0.9758454
2024-10-01T00:00:00.000,B DIVISION,FS,2,704,700,0.9943182
2024-10-01T00:00:00.000,B DIVISION,G,1,1081,1026,0.9491212
2024-10-01T00:00:00.000,B DIVISION,G,2,928,914,0.98491377
2024-10-01T00:00:00.000,B DIVISION,H,1,483,488,1.010352
2024-10-01T00:00:00.000,B DIVISION,H,2,226,224,0.99115044
2024-10-01T00:00:00.000,B DIVISION,JZ,1,1219,1173,0.9622642
2024-10-01T00:00:00.000,B DIVISION,JZ,2,220,207,0.9409091
2024-10-01T00:00:00.000,B DIVISION,L,1,2207,2191,0.99275035
2024-10-01T00:00:00.000,B DIVISION,L,2,1596,1559,0.9768171
2024-10-01T00:00:00.000,B DIVISION,M,1,2093,2003,0.95699954
2024-10-01T00:00:00.000,B DIVISION,M,2,220,211,0.9590909
2024-10-01T00:00:00.000,B DIVISION,N,1,2093,1952,0.93263257
2024-10-01T00:00:00.000,B DIVISION,N,2,1278,1253,0.9804382
2024-10-01T00:00:00.000,B DIVISION,Q,1,2369,2223,0.93837065
2024-10-01T00:00:00.000,B DIVISION,Q,2,1114,1091,0.97935367
2024-10-01T00:00:00.000,B DIVISION,R,1,2369,2172,0.9168425
2024-10-01T00:00:00.000,B DIVISION,R,2,1200,1156,0.9633333
2024-10-01T00:00:00.000,B DIVISION,W,1,897,819,0.9130435
2024-11-01T00:00:00.000,A DIVISION,1,1,1680,1643,0.9779762
2024-11-01T00:00:00.000,A DIVISION,1,2,1482,1447,0.97638327
2024-11-01T00:00:00.000,A DIVISION,2,1,2220,2076,0.9351351
2024-11-01T00:00:00.000,A DIVISION,2,2,2175,2093,0.96229887
2024-11-01T00:00:00.000,A DIVISION,3,1,2060,2002,0.9718447
2024-11-01T00:00:00.000,A DIVISION,3,2,1854,1801,0.97141314
2024-11-01T00:00:00.000,A DIVISION,4,1,2759,2680,0.97136647
2024-11-01T00:00:00.000,A DIVISION,4,2,2711,2561,0.94466984
2024-11-01T00:00:00.000,A DIVISION,5,1,2580,2372,0.91937983
2024-11-01T00:00:00.000,A DIVISION,5,2,1481,1394,0.9412559
2024-11-01T00:00:00.000,A DIVISION,6,1,2059,1945,0.9446333
2024-11-01T00:00:00.000,A DIVISION,6,2,1405,1370,0.97508895
2024-11-01T00:00:00.000,A DIVISION,7,1,2678,2556,0.95444363
2024-11-01T00:00:00.000,A DIVISION,7,2,1264,1230,0.97310126
2024-11-01T00:00:00.000,A DIVISION,GS,1,2020,2002,0.9910891
2024-11-01T00:00:00.000,A DIVISION,GS,2,1848,1797,0.9724026
2024-11-01T00:00:00.000,B DIVISION,A,1,2569,2380,0.9264305
2024-11-01T00:00:00.000,B DIVISION,A,2,1528,1434,0.9384817
2024-11-01T00:00:00.000,B DIVISION,B,1,1606,1380,0.8592777
2024-11-01T00:00:00.000,B DIVISION,C,1,1520,1391,0.91513157
2024-11-01T00:00:00.000,B DIVISION,C,2,800,759,0.94875
2024-11-01T00:00:00.000,B DIVISION,D,1,1902,1761,0.9258675
2024-11-01T00:00:00.000,B DIVISION,D,2,1280,1250,0.9765625
2024-11-01T00:00:00.000,B DIVISION,E,1,1560,1369,0.87756413
2024-11-01T00:00:00.000,B DIVISION,E,2,1120,1100,0.98214287
2024-11-01T00:00:00.000,B DIVISION,F,1,2900,2649,0.9134483
2024-11-01T00:00:00.000,B DIVISION,F,2,1600,1581,0.988125
2024-11-01T00:00:00.000,B DIVISION,FS,1,720,717,0.99583334
2024-11-01T00:00:00.000,B DIVISION,FS,2,880,880,1.0
2024-11-01T00:00:00.000,B DIVISION,G,1,940,914,0.9723404
2024-11-01T00:00:00.000,B DIVISION,G,2,1638,1632,0.996337
2024-11-01T00:00:00.000,B DIVISION,H,1,420,429,1.0214286
2024-11-01T00:00:00.000,B DIVISION,H,2,113,113,1.0
2024-11-01T00:00:00.000,B DIVISION,JZ,1,1034,990,0.9574468
2024-11-01T00:00:00.000,B DIVISION,JZ,2,880,857,0.97386366
2024-11-01T00:00:00.000,B DIVISION,L,1,1919,1900,0.990099
2024-11-01T00:00:00.000,B DIVISION,L,2,1513,1456,0.9623265
2024-11-01T00:00:00.000,B DIVISION,M,1,1820,1705,0.9368132
2024-11-01T00:00:00.000,B DIVISION,M,2,880,853,0.9693182
2024-11-01T00:00:00.000,B DIVISION,N,1,1819,1704,0.9367784
2024-11-01T00:00:00.000,B DIVISION,N,2,1600,1547,0.966875
2024-11-01T00:00:00.000,B DIVISION,Q,1,2060,1959,0.9509709
2024-11-01T00:00:00.000,B DIVISION,Q,2,1718,1709,0.99476135
2024-11-01T00:00:00.000,B DIVISION,R,1,2060,1829,0.88786405
2024-11-01T00:00:00.000,B DIVISION,R,2,1600,1562,0.97625
2024-11-01T00:00:00.000,B DIVISION,W,1,780,702,0.9
2024-11-01T00:00:00.000,B DIVISION,W,2,142,139,0.97887325
2024-12-01T00:00:00.000,A DIVISION,1,1,1753,1663,0.9486594
2024-12-01T00:00:00.000,A DIVISION,1,2,1482,1372,0.925776
2024-12-01T00:00:00.000,A DIVISION,2,1,2330,2181,0.9360515
2024-12-01T00:00:00.000,A DIVISION,2,2,1816,1772,0.97577095
2024-12-01T00:00:00.000,A DIVISION,3,1,2163,2074,0.9588534
2024-12-01T00:00:00.000,A DIVISION,3,2,1344,1294,0.96279764
2024-12-01T00:00:00.000,A DIVISION,4,1,2898,2788,0.9620428
2024-12-01T00:00:00.000,A DIVISION,4,2,2381,2333,0.9798404
2024-12-01T00:00:00.000,A DIVISION,5,1,2719,2488,0.9150423
2024-12-01T00:00:00.000,A DIVISION,5,2,1503,1460,0.97139055
2024-12-01T00:00:00.000,A DIVISION,6,1,2141,2057,0.960766
2024-12-01T00:00:00.000,A DIVISION,6,2,1470,1447,0.9843537
2024-12-01T00:00:00.000,A DIVISION,7,1,2810,2650,0.9430605
2024-12-01T00:00:00.000,A DIVISION,7,2,1544,1529,0.990285
2024-12-01T00:00:00.000,A DIVISION,GS,1,2121,2110,0.99481374
2024-12-01T00:00:00.000,A DIVISION,GS,2,1812,1798,0.99227375
2024-12-01T00:00:00.000,B DIVISION,A,1,2687,2545,0.947153
2024-12-01T00:00:00.000,B DIVISION,A,2,1717,1627,0.947583
2024-12-01T00:00:00.000,B DIVISION,B,1,1772,1620,0.9142212
2024-12-01T00:00:00.000,B DIVISION,C,1,1596,1511,0.9467419
2024-12-01T00:00:00.000,B DIVISION,C,2,1440,1381,0.95902777
2024-12-01T00:00:00.000,B DIVISION,D,1,2002,1892,0.94505495
2024-12-01T00:00:00.000,B DIVISION,D,2,1600,1566,0.97875
2024-12-01T00:00:00.000,B DIVISION,E,1,1638,1186,0.72405374
2024-12-01T00:00:00.000,B DIVISION,E,2,800,793,0.99125
2024-12-01T00:00:00.000,B DIVISION,F,1,3045,2553,0.83842367
2024-12-01T00:00:00.000,B DIVISION,F,2,1600,1584,0.99
2024-12-01T00:00:00.000,B DIVISION,FS,1,756,750,0.99206346
2024-12-01T00:00:00.000,B DIVISION,FS,2,832,828,0.9951923
2024-12-01T00:00:00.000,B DIVISION,G,1,987,951,0.96352583
2024-12-01T00:00:00.000,B DIVISION,G,2,2232,2187,0.9798387
2024-12-01T00:00:00.000,B DIVISION,H,1,441,451,1.0226758
2024-12-01T00:00:00.000,B DIVISION,H,2,548,518,0.94525546
2024-12-01T00:00:00.000,B DIVISION,JZ,1,1113,1076,0.9667565
2024-12-01T00:00:00.000,B DIVISION,JZ,2,963,957,0.99376947
2024-12-01T00:00:00.000,B DIVISION,L,1,2015,1946,0.96575683
2024-12-01T00:00:00.000,B DIVISION,L,2,1301,1249,0.96003073
2024-12-01T00:00:00.000,B DIVISION,M,1,1911,1822,0.95342755
2024-12-01T00:00:00.000,B DIVISION,M,2,1080,1065,0.9861111
2024-12-01T00:00:00.000,B DIVISION,N,1,1910,1762,0.92251307
2024-12-01T00:00:00.000,B DIVISION,N,2,1599,1544,0.96560353
2024-12-01T00:00:00.000,B DIVISION,Q,1,2163,1989,0.9195562
2024-12-01T00:00:00.000,B DIVISION,Q,2,1756,1714,0.976082
2024-12-01T00:00:00.000,B DIVISION,R,1,2163,1611,0.7447989
2024-12-01T00:00:00.000,B DIVISION,R,2,1360,1308,0.9617647
2024-12-01T00:00:00.000,B DIVISION,W,1,819,749,0.9145299
2024-12-01T00:00:00.000,B DIVISION,W,2,141,130,0.9219858
